OFFER,RETAILER,BRAND,CATEGORY,KEYWORDS
12 Pack OR 2 Liter AND Whole Pizza Pie at Casey's,CASEYS GENERAL STORE,CASEYS GENERAL STORE,"Cooking & Baking, Pantry, Frozen Pizza & Pizza Snacks, Frozen","  ""Pizza, whole pizza pie, frozen pizza, pizza snacks, cooking, baking, pantry, food, grocery, convenience store"""
12 Pack OR 2 Liter AND Whole Pizza at Casey's,CASEYS GENERAL STORE,CASEYS GENERAL STORE,"Cooking & Baking, Pantry, Frozen Pizza & Pizza Snacks, Frozen","  ""Pizza, whole pizza, frozen pizza, pizza snacks, cooking, baking, pantry, food, grocery, convenience store"""
12 pack OR 2 liter AND Whole Pizza at Casey's,CASEYS GENERAL STORE,CASEYS GENERAL STORE,"Cooking & Baking, Pantry, Frozen Pizza & Pizza Snacks, Frozen","  ""Whole pizza, 12 pack, 2 liter, frozen pizza, pizza snacks, cooking, baking, pantry"""
2 Pack OR 2 Liter AND Whole Pizza at Casey's,CASEYS GENERAL STORE,CASEYS GENERAL STORE,"Cooking & Baking, Pantry, Frozen Pizza & Pizza Snacks, Frozen","  ""Pizza, whole pizza, frozen pizza, pizza snacks, cooking, baking, pantry, food, grocery, convenience store"""
:ratio™ KETO* Friendly Cereal OR Granola,,RATIO,"Yogurt, Dairy, Cereal, Granola, & Toaster Pastries, Pantry, Nuts & Seeds, Snacks","  ""Keto-friendly"", ""low-carb"", ""high-protein"", ""breakfast cereal"", ""granola"", ""yogurt"", ""dairy"", ""pantry"", ""nuts"", ""seeds"", ""snacks"""
"Adult Astepro® Allergy, 22 count at Dollar General",DOLLAR GENERAL STORE,ASTEPRO,"Medicines & Treatments, Health & Wellness","  ""Astepro, Allergy medication, Antihistamine, Nasal spray, 22 count, Dollar General"""
AleveX™ at Walmart,WALMART,ALEVE,"Medicines & Treatments, Health & Wellness","  ""AleveX™, Walmart, ALEVE, pain reliever, medication, health, wellness"""
"Aleve® products AND AleveX™, select varieties, at Walmart",WALMART,ALEVE,"Medicines & Treatments, Health & Wellness","  ""Aleve, AleveX, pain reliever, headache, migraine, arthritis, joint pain, menstrual cramps, back pain, muscle aches, allergy relief, sinus pressure, congestion"""
"Aleve® products, select varieties, 80 count+ at Walmart",WALMART,ALEVE,"Medicines & Treatments, Health & Wellness","  ""Aleve, pain reliever, naproxen, anti-inflammatory, arthritis, headache, migraine, joint pain, muscle pain, back pain, menstrual cramps, fever reducer"""
"André® California, Champagne OR Sparkling Wines, 750mL bottle",,ANDRE,"Wine, Alcohol","  ""André, California champagne, sparkling wine, brut rosé, pinot noir, chardonnay, sauvignon blanc, white wine, red wine, wine gift set, wine pairing, wine club"""
Any ACME receipt,ACME,ACME,"Medicines & Treatments, Health & Wellness","  ""Medicines, Treatments, Health, Wellness, ACME, Pain Relievers, Cough Syrup, Vitamins, Supplements"""
Any Albertsons receipt,ALBERTSONS,ALBERTSONS,"Candy, Snacks","  ""Candy, Snacks, Chips, Cookies, Soda, Popcorn, Gummies, Chocolate, Caramel, Nuts, Dried Fruit, Granola Bars"""
"Any General Mills™ products, buy 2
Good Rewards Members Only",,ANNIES HOMEGROWN GROCERY,"Cheese, Dairy, Crackers, Snacks, Fruit & Vegetable Snacks, Snacks, Dressings, Pantry, Cooking & Baking, Pantry, Refrigerated Doughs, Dairy, Packaged Vegetables, Pantry, Frozen Meals, Frozen, Chips, Snacks, Frozen Pizza & Pizza Snacks, Frozen, Cereal, Granola, & Toaster Pastries, Pantry, Bread, Pantry, Frozen Breakfast, Frozen, Cookies, Snacks, Soup & Broth, Pantry","  ""Cheese, Dairy, Crackers, Snacks, Fruit & Vegetable Snacks, Dressings, Pantry, Cooking & Baking, Pantry, Refrigerated Doughs, Frozen Meals, Frozen, Chips, Snacks, Frozen Pizza & Pizza Snacks, Frozen, Cereal, Granola, & Toaster Pastries, Pantry, Bread, Pantry, Frozen Breakfast, Frozen, Cookies, Snacks, Soup & Broth"""
"Any General Mills™ products, spend $30",,ANNIES HOMEGROWN,,"  ""Annie's Homegrown, organic, macaroni and cheese, bunny grahams, crackers, snacks, vegan, gluten-free"""
"Any General Mills™ products, spend $50",,ANNIES HOMEGROWN,,"  ""Annie's Homegrown, organic, macaroni and cheese, bunny grahams, crackers, snacks, vegan, gluten-free"""
"Any General Mills™ products, spend $60",,ANNIES HOMEGROWN,,"  ""Annie's Homegrown, macaroni and cheese, organic, gluten-free, bunny grahams, snacks, veggie burgers, soup, broth, condiments"""
Any Pavilions receipt,PAVILIONS,PAVILIONS,"Cooking & Baking, Pantry","  ""Pavilions, cooking, baking, pantry, groceries, food, kitchen, meal prep, ingredients, spices, herbs, baking supplies, cookware, cutlery"""
Any Randalls receipt,RANDALLS,RANDALLS,,"  ""Randalls"", ""Grocery"", ""Receipt"", ""Shopping"", ""Discounts"", ""Deals"", ""Savings"", ""Store Brand"""
Any Randalls receipt,RANDALLS FOOD MARKETS,RANDALLS,,"  ""Randalls"", ""Food Markets"", ""Grocery"", ""Supermarket"", ""Fresh Produce"", ""Meat"", ""Dairy"", ""Bakery"", ""Pantry"", ""Household Essentials"""
Any Safeway receipt,SAFEWAY,SAFEWAY,"Candy, Snacks","  ""Candy, Snacks, Chocolate, Gummies, Sour candies, Salty snacks, Fresh produce, Baked goods, Dairy products, Frozen foods"""
Any Shaw's receipt,SHAWS,SHAWS,"Cooking & Baking, Pantry","  ""Shaw's, grocery, recipe, baking, cooking, pantry, food, ingredients, kitchen, meal planning"""
Any Star Market receipt,STAR MARKET,STAR MARKET,"Cooking & Baking, Pantry","  ""Star Market, grocery, food, pantry staples, cooking essentials, baking supplies, recipe ingredients"""
Any Tom Thumb receipt,TOM THUMB,TOM THUMB,,"  ""Tom Thumb, grocery, supermarket, receipt, shopping, discounts, promotions, savings, deals, grocery store, retail"""
Any Vons receipt,VONS,VONS,"Spirits, Alcohol","  ""Vons"", ""Spirits"", ""Alcohol"", ""Liquor"", ""Beer"", ""Wine"", ""Cocktails"", ""Mixers"""
"Arber, at Target",TARGET,ARBER,,"  ""Arber"", ""Target"", ""outdoor furniture"", ""patio sets"", ""garden decor"", ""home decor"", ""furniture"""
"Arber, at Walmart",WALMART,ARBER,,"  ""Arber"", ""Walmart"", ""outdoor gear"", ""camping equipment"", ""hiking boots"", ""waterproof jackets"", ""backpacks"""
"Arbos Cheese Dip, 12 ounce, buy at Central Market",CENTRAL MARKET,ARBOS,,"  ""Cheese dip, 12 ounce, Central Market, ARBOS, dairy, snack, appetizer, Mexican food, party food"""
"Arnold, Brownberry, Oroweat® Keto bread, buy 2",,ARNOLD BROWNBERRY OROWEAT,"Bread, Pantry, Prepared Meals, Deli & Bakery, Bakery, Deli & Bakery","  ""Keto bread, low carb bread, gluten free bread, bakery bread, sandwich bread, breakfast bread, snack bread"""
"Arnold, Brownberry, Oroweat® Small Slice bread, at Walmart",WALMART,ARNOLD BROWNBERRY OROWEAT,"Bread, Pantry, Prepared Meals, Deli & Bakery, Bakery, Deli & Bakery","  ""Bread, Pantry, Prepared Meals, Deli & Bakery, Bakery, Deli & Bakery, Arnold, Brownberry, Oroweat, Small Slice, Walmart"""
Arnold® Grains Almighty,,ARNOLD BROWNBERRY OROWEAT,"Bread, Pantry, Prepared Meals, Deli & Bakery, Bakery, Deli & Bakery","  ""Whole grain bread, wheat bread, healthy bread option, high fiber content, nutritious breakfast choice, sandwich bread, toast bread, bagels, English muffins, buns, rolls, pita bread, flatbread"""
"Artesano® buns, buy 2 at Walmart®",WALMART,SARA LEE ARTESANO,"Bakery, Deli & Bakery, Bread, Pantry","  ""Artesano, Sara Lee, buns, bread, bakery, deli, pantry, Walmart"""
"Back to the Roots Dry Plant Food, 5 pounds, at The Home Depot",THE HOME DEPOT,BACK TO THE ROOTS,"Packaged Meals & Sides, Pantry","  ""Back to the Roots"", ""Dry Plant Food"", ""5 pounds"", ""The Home Depot"", ""Packaged Meals & Sides"", ""Pantry"""
"Back to the Roots Garden Soil, 1 cubic foot, at Lowe's Home Improvement",LOWES HOME IMPROVEMENT,BACK TO THE ROOTS,"Packaged Meals & Sides, Pantry","  ""Garden soil, organic soil, natural soil, planting soil, gardening supplies, soil amendments, compost, fertilizer, soil nutrients, gardening tools, outdoor living, patio, lawn care"""
Back to the Roots Grow Hydroponic Grow Kit OR Refill Bundle at Walmart,WALMART,BACK TO THE ROOTS,"Packaged Meals & Sides, Pantry","  ""Hydroponic grow kit, indoor gardening, herb garden, vegetable garden, home farming, sustainable living, healthy eating, gardening supplies, hydroponic refill bundle"""
Back to the Roots Grow Kits at Walmart or The Home Depot,WALMART,BACK TO THE ROOTS,"Packaged Meals & Sides, Pantry","  ""Grow kits, indoor gardening, hydroponics, organic food, healthy eating, sustainable living, home gardening, herbs, vegetables, fruits, gardening supplies, DIY gardening, urban agriculture"""
"Back to the Roots Grow Seed Starting Pots OR Germination Trays, at Walmart or Target",TARGET,BACK TO THE ROOTS,"Packaged Meals & Sides, Pantry","  ""Grow Seed Starting Pots, Germination Trays, Back to the Roots, Indoor Gardening, Seed Starters, Plantable Containers, Sustainable Gardening, Urban Agriculture, Hydroponics, Home Gardening, Greenhouse Supplies"""
Back to the Roots Microgreens Grow Kit OR Seed Refill at Walmart,WALMART,BACK TO THE ROOTS,"Packaged Meals & Sides, Pantry","  ""Microgreens, grow kit, seed refill, indoor gardening, healthy eating, sustainable living, home gardening, kitchen garden, herbs, vegetables, salad greens"""
"Back to the Roots Organic 3-In-1 Seed Starting Mix 12 quart, at Walmart or Target",TARGET,BACK TO THE ROOTS,"Packaged Meals & Sides, Pantry","  ""Organic seed starting mix, 3-in-1, soil, gardening, plants, vegetables, herbs, fruit, flowers, growing, planters, containers, indoor gardening, hydroponics, aeroponics, soil mix, potting mix, garden soil, fertilizer, compost, peat moss, perlite, vermiculite"""
"Back to the Roots Organic Kits and Planters, at Target",TARGET,BACK TO THE ROOTS,"Packaged Meals & Sides, Pantry","  ""Organic gardening kits, indoor herb planters, hydroponic systems, home gardening, sustainable living, eco-friendly products, gardening supplies, plant-based meals, healthy food options"""
"Back to the Roots Potting Mix, 1 cubic foot, at Lowe's Home Improvement",LOWES HOME IMPROVEMENT,BACK TO THE ROOTS,"Packaged Meals & Sides, Pantry","  ""Potting mix, soil, gardening, plants, flowers, vegetables, herbs, organic, natural, fertilizer, planters, landscaping"""
"Back to the Roots Raised Bed Gardening Kit with Soil, Seeds and Plant Food, at Target",TARGET,BACK TO THE ROOTS,"Packaged Meals & Sides, Pantry","  ""Raised bed gardening kit,"" ""Soil,"" ""Seeds,"" ""Plant food,"" ""Target,"" ""Back to the Roots,"" ""Packaged meals & sides,"" ""Pantry"""
"Back to the Roots Seeds, at Walmart",WALMART,BACK TO THE ROOTS,"Packaged Meals & Sides, Pantry","  ""Gardening, Seeds, Organic, Non-GMO, Sustainable, Healthy, Food, Vegetables, Fruits, Herbs, Spices, Cooking, Baking, Recipes"""
"Back to the Roots Soils, select varieties and sizes, at Lowes",LOWES HOME IMPROVEMENT,BACK TO THE ROOTS,"Packaged Meals & Sides, Pantry","  ""Gardening, soil, organic, natural, fertilizer, planting, vegetables, herbs, fruits, flowers, lawn care, landscaping"""
"Back to the Roots Soils, select varieties and sizes, at Walmart",WALMART,BACK TO THE ROOTS,"Packaged Meals & Sides, Pantry","  ""Back to the Roots"", ""Soils"", ""Walmart"", ""Packaged Meals & Sides"", ""Pantry"", ""Organic"", ""Natural"", ""Healthy"", ""Sustainable"""
"Back to the Roots Soils, select varieties, at Walmart",WALMART,BACK TO THE ROOTS,"Packaged Meals & Sides, Pantry","  ""Back to the Roots"", ""Soils"", ""Walmart"", ""Packaged Meals & Sides"", ""Pantry"", ""Organic"", ""Natural"", ""Healthy"", ""Sustainable"""
"Back to the Roots Soils, select varieties, at Walmart or Lowes",LOWES HOME IMPROVEMENT,BACK TO THE ROOTS,"Packaged Meals & Sides, Pantry","  ""organic soil, gardening supplies, planting mix, potting soil, fertilizer, compost, soil amendments, indoor gardening, hydroponics, aeroponics"""
"Bai® Antioxidant, 6 pack, at Walmart",WALMART,BAI,"Fruit Juices, Beverages, Water, Beverages, Drink Mixes, Beverages, Tea, Beverages","  ""Antioxidant, fruit juice, beverage, water, drink mix, tea"""
"Bai® Antioxidant, 6 pack, buy 2 at Walmart",WALMART,BAI,"Fruit Juices, Beverages, Water, Beverages, Drink Mixes, Beverages, Tea, Beverages","  ""Antioxidant, Bai, Fruit Juices, Beverages, Water, Drink Mixes, Tea"""
"BallPark® buns, buy 2",,BALL PARK POP UPS,"Bread, Pantry, Bakery, Deli & Bakery","  ""BallPark, buns, bread, pantry, bakery, deli, pop ups"""
"Barilla® Pasta, select varieties, buy 2",,BARILLA,"Dry Pasta, Pasta & Noodles, Chips, Snacks, Red Pasta Sauce, Pasta Sauce, Pesto Sauce, Pasta Sauce","  ""Pasta, Barilla, Spaghetti, Linguine, Fettuccine, Lasagna, Rigatoni, Macaroni, Penne, Chips, Snacks, Red Pasta Sauce, Pasta Sauce, Pesto Sauce"""
Barilla® Pesto Sauce,,BARILLA,"Dry Pasta, Pasta & Noodles, Chips, Snacks, Red Pasta Sauce, Pasta Sauce, Pesto Sauce, Pasta Sauce","  ""Pesto sauce, pasta sauce, red pasta sauce, pesto, basil, garlic, olive oil, parmesan cheese, linguine, spaghetti, fettuccine, lasagna, ravioli, tortellini"""
"Barilla® pasta, select varieties, buy 2",,BARILLA,"Dry Pasta, Pasta & Noodles, Chips, Snacks, Red Pasta Sauce, Pasta Sauce, Pesto Sauce, Pasta Sauce","  ""Pasta, Barilla, Spaghetti, Linguine, Fettuccine, Lasagna, Rigatoni, Macaroni, Penne, Chips, Snacks, Red Pasta Sauce, Pasta Sauce, Pesto Sauce"""
"Barilla® pasta, select varieties, buy 3",,BARILLA,"Dry Pasta, Pasta & Noodles, Chips, Snacks, Red Pasta Sauce, Pasta Sauce, Pesto Sauce, Pasta Sauce","  ""Pasta, Barilla, Spaghetti, Linguine, Fettuccine, Lasagna, Rigatoni, Macaroni, Penne, Chips, Snacks, Red Pasta Sauce, Pasta Sauce, Pesto Sauce"""
"Barilla® pasta, select varieties, buy 4",,BARILLA,"Dry Pasta, Pasta & Noodles, Chips, Snacks, Red Pasta Sauce, Pasta Sauce, Pesto Sauce, Pasta Sauce","  ""Pasta, Barilla, Spaghetti, Linguine, Fettuccine, Lasagna, Rigatoni, Macaroni, Penne, Chips, Snacks, Red Pasta Sauce, Pasta Sauce, Pesto Sauce"""
Bays® English Muffins,,BAYS,"Bread, Pantry","  ""English muffins, breakfast bread, sandwich bread, toast, bagels, buns, rolls, bread products, baked goods, grocery, pantry staples"""
"Beech-Nut pouches, buy 8",,BEECHNUT,"Crackers, Snacks, Fruit & Vegetable Snacks, Snacks, Nuts & Seeds, Snacks, Cookies, Snacks","  ""Beech-Nut, crackers, snacks, fruit & vegetable snacks, nuts & seeds, cookies"""
"Beech-Nut snacks, select varieties",,BEECHNUT,"Crackers, Snacks, Fruit & Vegetable Snacks, Snacks, Nuts & Seeds, Snacks, Cookies, Snacks","  ""Beech-Nut"", ""crackers"", ""snacks"", ""fruit & vegetable snacks"", ""nuts & seeds"", ""cookies"""
"Ben & Jerry's Frozen Creme Brulee Non Dairy Dessert, 16 ounce",,BEN AND JERRYS,"Frozen Desserts, Frozen","  ""Ben & Jerry's"", ""Frozen Creme Brulee"", ""Non Dairy"", ""Dessert"", ""16 ounce"", ""Frozen Desserts"", ""Frozen"""
"Ben & Jerry's Frozen Sugar Cookie Dough Chunks, 8 ounce",,BEN AND JERRYS,"Frozen Desserts, Frozen","  ""Ben & Jerry's"", ""Frozen Sugar Cookie Dough Chunks"", ""Ice Cream"", ""Frozen Desserts"", ""Sweet Treats"", ""Desserts"", ""Snacks"""
"Ben & Jerry's Wake & No Bake Cookie Dough Ice Cream, 16 ounce",,BEN AND JERRYS,"Frozen Desserts, Frozen","  ""Ben & Jerry's, Wake & No Bake Cookie Dough, Ice Cream, 16 ounce, Frozen Desserts, Frozen"""
Ben & Jerry's® Churray For Churros™ Ice Cream,,BEN AND JERRYS,"Frozen Desserts, Frozen","  ""Churray For Churros, Ice Cream, Ben & Jerry's, Frozen Desserts, Frozen, Churros, Dulce de Leche, Caramel, Vanilla, Cinnamon"""
"Ben & Jerry's® Doggie Desserts, 4 count",,BEN AND JERRYS,"Frozen Desserts, Frozen","  ""Ben & Jerry's, Doggie Desserts, Frozen Yogurt, Ice Cream, Desserts, Treats, 4 count"""
"Ben & Jerry's® Doggie Desserts, 4 ounce, buy 2",,BEN AND JERRYS,"Frozen Desserts, Frozen","  ""Ben & Jerry's"", ""Doggie Desserts"", ""Frozen Yogurt"", ""Ice Cream"", ""4 ounce"", ""Buy 2"""
"Ben & Jerry's®, select varieties",,BEN AND JERRYS,"Frozen Desserts, Frozen","  ""Ice cream, frozen yogurt, dessert, chocolate, vanilla, strawberry, cookie dough, peanut butter, caramel, nuts, sprinkles"""
"Ben & Jerry's®, select varieties, spend $12",,BEN AND JERRYS,"Frozen Desserts, Frozen","  ""Ice cream, frozen desserts, Ben & Jerry's, Chunky Monkey, Phish Food, Cookie Dough, Cherry Garcia"""
"Beyond Meat® Plant-Based products, spend $15",,BEYOND MEAT,"Plant-Based Meat, Meat & Seafood, Frozen Plant-Based Meat, Frozen, Packaged Meat, Pantry","  ""Beyond Meat, plant-based meat, vegan meat, vegetarian meat, frozen meat alternatives, packaged meat substitutes, pantry staples"""
"Beyond Meat® Plant-Based products, spend $20",,BEYOND MEAT,"Plant-Based Meat, Meat & Seafood, Frozen Plant-Based Meat, Frozen, Packaged Meat, Pantry","  ""Beyond Meat, plant-based meat, vegan meat, vegetarian meat, frozen meat alternatives, packaged meat substitutes, pantry staples"""
"Beyond Meat® Plant-Based products, spend $25",,BEYOND MEAT,"Plant-Based Meat, Meat & Seafood, Frozen Plant-Based Meat, Frozen, Packaged Meat, Pantry","  ""Beyond Meat, plant-based meat, vegan meat, vegetarian meat, frozen meat alternatives, packaged meat substitutes, pantry staples"""
"Beyond Steak™ Plant-Based seared tips, 10 ounce at H-E-B",H-E-B,BEYOND MEAT,"Plant-Based Meat, Meat & Seafood, Frozen Plant-Based Meat, Frozen, Packaged Meat, Pantry","  ""Beyond Steak, plant-based, vegan, meat alternatives, steak tips, frozen, packaged meat, pantry"""
"Beyond Steak™ Plant-Based seared tips, 10 ounce at Target",TARGET,BEYOND MEAT,"Plant-Based Meat, Meat & Seafood, Frozen Plant-Based Meat, Frozen, Packaged Meat, Pantry","  ""Plant-based meat, steak tips, seared tips, frozen meat, packaged meat, pantry, vegan meat, vegetarian meat, meat alternatives"""
"Beyond Steak™ Plant-Based seared tips, 10 ounce, buy 2 at H-E-B",H-E-B,BEYOND MEAT,"Plant-Based Meat, Meat & Seafood, Frozen Plant-Based Meat, Frozen, Packaged Meat, Pantry","  ""Beyond Steak, plant-based, vegan, meat alternatives, frozen food, vegetarian, protein, grocery, supermarket"""
"Beyond Steak™ Plant-Based seared tips, 10 ounce, buy 2 at Target",TARGET,BEYOND MEAT,"Plant-Based Meat, Meat & Seafood, Frozen Plant-Based Meat, Frozen, Packaged Meat, Pantry","  ""Plant-based meat, steak tips, seared, vegan, vegetarian, frozen, packaged, meat alternatives, Beyond Meat, Target"""
"Bimbo® sweet baked goods, buy 2",,BIMBO,"Snack Cakes, Snacks, Bread, Pantry, Bakery, Deli & Bakery, Cookies, Snacks","  ""sweet baked goods, snack cakes, cookies, bread, pantry, bakery, deli & bakery"""
"Bio-Oil® Skincare Oil OR Gel, select varieties",,BIO OIL,"Skin Care, Health & Wellness, Cooking & Baking, Pantry","  ""skincare oil, gel, face oil, moisturizer, anti-aging, skin health, cooking oil, baking oil, pantry staple"""
"Bio-Oil® products, select varieties",,BIO OIL,"Skin Care, Health & Wellness, Cooking & Baking, Pantry","  ""Bio-Oil®, skincare, health, wellness, cooking, baking, pantry, oil, moisturizer, skin health, beauty"""
Blue Apron Meal Kits,BLUE APRON,BLUE APRON,"Cooking & Baking, Pantry","  ""Meal kits, recipe boxes, prepped ingredients, home cooking, gourmet meals, delivery service, healthy eating, subscription box, cooking essentials, pantry staples"""
"Breyers Reese's Ice Cream, select varieties, at GIANT OR MARTIN’S",MARTINS FOODS,BREYERS,"Frozen Desserts, Frozen, Frozen Breads & Doughs, Frozen","  ""Reese's, Peanut Butter Cups, Chocolate, Vanilla, Strawberry, Cookies, Cream, Ice Cream, Frozen Treats, Desserts"""
Brita® Pitcher AND Filter,,BRITA,"Water, Beverages, Household Supplies, Household Supplies","  ""water filter, pitcher, purifier, clean drinking water, filtered water, home water treatment, water filtration system"""
Brita® Pitcher OR Dispenser,,BRITA,"Water, Beverages, Household Supplies, Household Supplies","  ""Brita, water filter, pitcher, dispenser, purification, clean drinking water, household supplies, kitchen essentials"""
Brita® Standard OR Elite Filters,,BRITA,"Water, Beverages, Household Supplies, Household Supplies","  ""water filters, beverage filters, household filters, filter cartridges, water purification, drinking water, clean water, filtered water, BRITA filters"""
"Brownie Brittle® Snacks, select varieties, buy 2",,BROWNIE BRITTLE,"Bakery, Deli & Bakery, Cookies, Snacks","  ""Brownie Brittle, Chocolate Chip, Oatmeal Raisin, Peanut Butter, Snickerdoodle, Caramel, Cinnamon, Nutty, Crispy, Chewy, Baked Goods, Sweet Treats"""
"Bubbies Pickles, Sauerkraut, OR Condiments at Whole Foods or Sprouts",SPROUTS FARMERS MARKET,BUBBIES,"Prepared Meals, Deli & Bakery","  ""Bubbies Pickles"", ""Sauerkraut"", ""Condiments"", ""Whole Foods"", ""Sprouts Farmers Market"", ""Prepared Meals"", ""Deli & Bakery"""
"Bubbies Pickles, Sauerkraut, and Condiments at Whole Foods or Sprouts",SPROUTS FARMERS MARKET,BUBBIES,"Prepared Meals, Deli & Bakery","  ""Bubbies, pickles, sauerkraut, condiments, Whole Foods, Sprouts, farmers market, prepared meals, deli, bakery"""
"Burt's Bee's® Facial Wipes, select varieties, 30 count at Walmart",WALMART,BURTS BEES,"Makeup, Beauty, Skin Care, Health & Wellness, Hair Removal, Health & Wellness","  ""Beeswax, Aloe Vera, Vitamin E, Chamomile, Facial Cleansing Wipes, Makeup Remover, Sensitive Skin, Natural Ingredients, Cruelty-Free, Vegan"""
"Burt's Bees Sensitive Lotions and Creams, select varieties, at Walmart",WALMART,BURTS BEES,"Makeup, Beauty, Skin Care, Health & Wellness, Hair Removal, Health & Wellness","  ""Sensitive skin, natural ingredients, moisturizing lotion, soothing cream, beeswax, shea butter, vitamin E, aloe vera, fragrance-free, hypoallergenic, dermatologist-tested, cruelty-free, vegan-friendly"""
"Burt's Bees® Sensitive Lotions and Creams, select varieties, at Walmart",WALMART,BURTS BEES,"Makeup, Beauty, Skin Care, Health & Wellness, Hair Removal, Health & Wellness","  ""Sensitive skin, natural ingredients, moisturizing lotion, soothing cream, beeswax, shea butter, vitamin E, aloe vera, fragrance-free, hypoallergenic, dermatologist-tested, cruelty-free"""
"Burt's Bees® products, select varieties, at Walmart",WALMART,BURTS BEES,"Makeup, Beauty, Skin Care, Health & Wellness, Hair Removal, Health & Wellness","  ""Beeswax, shea butter, lip balm, natural ingredients, moisturizing, skincare, hair care, removal cream, waxing, wellness"""
"Butterball, select varieties, Spend $10 at Ruler Foods",RULER FOODS,BUTTERBALL,"Nut Butters & Jam, Pantry, Frozen Turkey, Frozen Meat","  ""Butterball"", ""Ruler Foods"", ""Nut Butters & Jam"", ""Pantry"", ""Frozen Turkey"", ""Frozen Meat"""
"Butterball, select varieties, spend $10 at Dillons Food Store",DILLONS FOOD STORE,BUTTERBALL,"Nut Butters & Jam, Pantry, Frozen Turkey, Frozen Meat","  ""Butterball"", ""Dillons Food Store"", ""Nut Butters & Jam"", ""Pantry"", ""Frozen Turkey"", ""Frozen Meat"""
"Butterball, select varieties, spend $10 at Food 4 Less",FOOD4LESS,BUTTERBALL,"Nut Butters & Jam, Pantry, Frozen Turkey, Frozen Meat","  ""Butterball,"" ""Food 4 Less,"" ""Nut Butters & Jam,"" ""Pantry,"" ""Frozen Turkey,"" ""Frozen Meat"""
"Butterball, select varieties, spend $10 at Fred Meyer",FRED MEYER,BUTTERBALL,"Nut Butters & Jam, Pantry, Frozen Turkey, Frozen Meat","  ""Butterball"", ""Fred Meyer"", ""Nut Butters & Jam"", ""Pantry"", ""Frozen Turkey"", ""Frozen Meat"""
"Butterball, select varieties, spend $10 at Fry's Food Store",FRYS FOOD STORE,BUTTERBALL,"Nut Butters & Jam, Pantry, Frozen Turkey, Frozen Meat","  ""Butterball,"" ""Fry's Food Store,"" ""Nut Butters & Jam,"" ""Pantry,"" ""Frozen Turkey,"" ""Frozen Meat"""
"Butterball, select varieties, spend $10 at King Soopers",KING SOOPERS,BUTTERBALL,"Nut Butters & Jam, Pantry, Frozen Turkey, Frozen Meat","  ""Butterball,"" ""King Soopers,"" ""Nut Butters & Jam,"" ""Pantry,"" ""Frozen Turkey,"" ""Frozen Meat"""
"Butterball, select varieties, spend $10 at Kroger",KROGER,BUTTERBALL,"Nut Butters & Jam, Pantry, Frozen Turkey, Frozen Meat","  ""Butterball,"" ""Kroger,"" ""Nut Butters & Jam,"" ""Pantry,"" ""Frozen Turkey,"" ""Frozen Meat"""
"Butterball, select varieties, spend $10 at Mariano's",MARIANOS,BUTTERBALL,"Nut Butters & Jam, Pantry, Frozen Turkey, Frozen Meat","  ""Butterball"", ""Mariano's"", ""Nut Butters & Jam"", ""Pantry"", ""Frozen Turkey"", ""Frozen Meat"""
"Butterball, select varieties, spend $10 at Pick 'n Save OR Metro Market",PICK N SAVE,BUTTERBALL,"Nut Butters & Jam, Pantry, Frozen Turkey, Frozen Meat","  ""Butterball, Turkey, Frozen Meat, Nut Butters & Jam, Pantry, Select Varieties"""
"Butterball, select varieties, spend $10 at QFC",QFC,BUTTERBALL,"Nut Butters & Jam, Pantry, Frozen Turkey, Frozen Meat","  ""Butterball"", ""QFC"", ""Nut Butters & Jam"", ""Pantry"", ""Frozen Turkey"", ""Frozen Meat"""
"Butterball, select varieties, spend $10 at Ralphs",RALPHS,BUTTERBALL,"Nut Butters & Jam, Pantry, Frozen Turkey, Frozen Meat","  ""Butterball"", ""Ralphs"", ""Nut Butters & Jam"", ""Pantry"", ""Frozen Turkey"", ""Frozen Meat"""
"Butterball, select varieties, spend $10 at Smith's",SMITHS,BUTTERBALL,"Nut Butters & Jam, Pantry, Frozen Turkey, Frozen Meat","  ""Butterball"", ""Nut Butters & Jam"", ""Pantry"", ""Frozen Turkey"", ""Frozen Meat"""
CESAR® Wet Dog Food Singles,,CESAR,"Cooking & Baking, Pantry, Sauces & Marinades, Pantry, Dog Supplies, Animals & Pet Supplies, Frozen Chicken, Frozen Meat","  ""Wet dog food, Singles, CESAR, Dog supplies, Pet supplies, Frozen chicken, Frozen meat"""
"CESAR® Wet Dog Food, spend $20",,CESAR,"Cooking & Baking, Pantry, Sauces & Marinades, Pantry, Dog Supplies, Animals & Pet Supplies, Frozen Chicken, Frozen Meat","  ""Wet dog food"", ""CESAR"", ""Dog supplies"", ""Pet food"", ""Frozen chicken"", ""Frozen meat"""
"CORE® Hydration, select varieties, at Walmart",WALMART,CORE HYDRATION,"Water, Beverages","  ""CORE HYDRATION"" , ""Water"" , ""Beverages"" , ""Hydration drink"" , ""Electrolyte water"" , ""Flavored water"" , ""Sports drink"" , ""Fitness drink"" , ""Healthy beverage"""
"CORE® Hydration, select varieties, buy 2 at Walmart",WALMART,CORE HYDRATION,"Water, Beverages","  ""CORE HYDRATION"" , ""Water"" , ""Beverages"" , ""Hydration drink"" , ""Electrolyte water"" , ""Flavored water"" , ""Sports drink"" , ""Fitness drink"" , ""Healthy beverage"""
Cameron’s Coffee EcoPods,,CAMERON'S COFFEE,"Coffee, Beverages","  ""Cameron's Coffee"", ""EcoPods"", ""Coffee Pods"", ""Single-Serve Coffee"", ""Eco-Friendly"", ""Sustainable"", ""Freshly Brewed Coffee"", ""Convenient"", ""Easy-to-Use"""
Cheerios™ Oat Crunch Berry Cereal,,CHEERIOS,"Cereal, Granola, & Toaster Pastries, Pantry","  ""Oat crunch, berry flavor, breakfast cereal, whole grain oats, crunchy texture, healthy breakfast option"""
"Children's Astepro® Allergy, 22 count at Dollar General",DOLLAR GENERAL STORE,ASTEPRO,"Medicines & Treatments, Health & Wellness","  ""Astepro, allergy medication, children's medicine, antihistamine, nasal spray, allergy relief, sinus relief, cold and flu, congestion, sneezing, runny nose, itchy eyes"""
Chosen Foods® Dressings,,CHOSEN FOODS,"Cooking & Baking, Pantry, Dips & Salsa, Snacks, Dressings, Pantry, Condiments, Pantry","  ""Chosen Foods, dressings, vinaigrettes, salad dressings, marinades, sauces, condiments, cooking, baking, pantry, dips, salsa, snacks"""
"Chosen Foods® Mayo, select varieties",,CHOSEN FOODS,"Cooking & Baking, Pantry, Dips & Salsa, Snacks, Dressings, Pantry, Condiments, Pantry","  ""Mayonnaise, Sandwich spread, Dip, Salsa, Salad dressing, Condiment, Pantry staple, Keto-friendly, Gluten-free, Vegan"""
"Colgate® Toothpaste AND Colgate® Toothbrush, select varieties at Walmart or Target",TARGET,COLGATE TOOTHBRUSHES,"Oral Care, Health & Wellness","  ""Colgate, Toothpaste, Toothbrush, Oral Care, Health & Wellness, Teeth Whitening, Dental Care, Brushing, Flossing, Mouthwash"""
"Cooked Perfect® Meatballs, Homestyle OR Turkey, at Walmart",WALMART,COOKED PERFECT,"Frozen Chicken, Frozen Meat","  ""Meatballs, Homestyle, Turkey, Frozen Chicken, Frozen Meat"""
"Cooked Perfect® Meatballs, at Walmart",WALMART,COOKED PERFECT,"Frozen Chicken, Frozen Meat","  ""Meatballs, Frozen Chicken, Frozen Meat, Cooked Perfect, Walmart"""
"Coors Light®, Miller Lite® OR VIZZY™ 12 pack+",,VIZZY,"Hard Seltzers, Sodas, Waters, Lemonades & Teas, Alcohol, Malt Beverages, Alcohol","  ""Hard seltzer, low calorie, low carb, refreshing, citrus flavor, sparkling water, alcoholic beverage"""
"Coors Light®, Miller Lite® OR VIZZY™ 12 packs+, buy 2",,VIZZY,"Hard Seltzers, Sodas, Waters, Lemonades & Teas, Alcohol, Malt Beverages, Alcohol","  ""Hard seltzer, low calorie, low carb, refreshing, citrus flavor, sparkling water, alcoholic beverage"""
"Coors Light®, Miller Lite® OR VIZZY™ 12 packs+, buy 3",,VIZZY,"Hard Seltzers, Sodas, Waters, Lemonades & Teas, Alcohol, Malt Beverages, Alcohol","  ""Hard seltzer, low calorie, low carb, refreshing, citrus flavor, sparkling water, alcoholic beverage"""
"Coors Light®, Miller Lite® OR VIZZY™ 12 packs+, buy 4",,VIZZY,"Hard Seltzers, Sodas, Waters, Lemonades & Teas, Alcohol, Malt Beverages, Alcohol","  ""Hard seltzer, low calorie, low carb, refreshing, citrus flavor, sparkling water, alcoholic beverage"""
"Coors Light®, Miller Lite® OR VIZZY™ 12 packs+, buy 5",,VIZZY,"Hard Seltzers, Sodas, Waters, Lemonades & Teas, Alcohol, Malt Beverages, Alcohol","  ""Hard seltzer, low calorie, low carb, refreshing drink, citrus flavor, fruity taste, bubbly, light beer, alcoholic beverage"""
Country Crock® Plant Based Butter at Walmart,WALMART,COUNTRY CROCK PLANT BUTTER,"Nut Butters & Jam, Pantry","  ""plant-based butter, vegan butter, dairy-free spread, nut-free butter, gluten-free butter, soy-free butter, lactose-free butter, Country Crock, Walmart"""
Country Crock® Plant Based Cream at Walmart,WALMART,COUNTRY CROCK PLANT BUTTER,"Nut Butters & Jam, Pantry","  ""plant-based cream, vegan butter, dairy-free spread, nut-free butter, gluten-free butter, soy-free butter, lactose-free butter, Country Crock, Walmart"""
"Creativity Street®, spend $10",,CREATIVITY STREET,,"  ""Art supplies, crafts, creative play, imagination, DIY, paint, markers, crayons, paper, glue, scissors"""
"Crunchmaster® Crackers, spend $4",,CRUNCHMASTER,"Crackers, Snacks, Candy, Snacks","  ""Crunchmaster, crackers, snacks, candy, snack food, crunchy, flavorful, wheat thins, rice cakes, snack crackers"""
"DOVE® Chocolate, select sizes, buy 1",,DOVE CHOCOLATE,"Candy, Snacks","  ""Dove Chocolate"", ""candy"", ""snacks"", ""chocolate bars"", ""dark chocolate"", ""milk chocolate"", ""white chocolate"", ""chocolate truffles"", ""chocolate gift boxes"""
"DOVE® chocolate, select varieties",,DOVE CHOCOLATE,"Candy, Snacks","  ""Dove Chocolate"", ""candy"", ""snacks"", ""chocolate bars"", ""dark chocolate"", ""milk chocolate"", ""white chocolate"", ""chocolate truffles"", ""chocolate gift boxes"""
Degree for Men OR Women Dry Spray,,DEGREE,"Deodorant & Antiperspirant, Health & Wellness","  ""Degree, Deodorant, Antiperspirant, Dry Spray, Men's Grooming, Women's Grooming, Personal Care"""
"Dixon® Safety Carpenter Pencil, 10 count, at Lowe’s®",LOWES HOME IMPROVEMENT,DIXON,"Cooking & Baking, Pantry, Makeup, Beauty","  ""Dixon, Safety Carpenter Pencil, 10 count, Lowe's, cooking, baking, pantry, makeup, beauty"""
"Dove Hand Wash, select varieties at Target",TARGET,DOVE,"Bath & Body, Health & Wellness, Deodorant & Antiperspirant, Health & Wellness, Hair Care, Health & Wellness, Makeup, Beauty","  Sure, here are some relevant keywords for the Dove Hand Wash product:

""Hand wash, dove, target, bath and body, health and wellness, deodorant, antiperspirant, hair care, makeup, beauty"""
"Dove Hand Wash, select varieties, buy 2 at Target",TARGET,DOVE,"Bath & Body, Health & Wellness, Deodorant & Antiperspirant, Health & Wellness, Hair Care, Health & Wellness, Makeup, Beauty","  Sure, here are some relevant keywords for the Dove Hand Wash offer:

""Dove, Hand Wash, Target, Moisturizing, Softening, Gentle, Skin Care, Personal Care, Bath & Body, Health & Wellness"""
"Dr Pepper®, Regular OR Zero Sugar Strawberries and Cream 12 pack, at select retailers",UNITED SUPERMARKETS,DR PEPPER,"Carbonated Soft Drinks, Beverages, Cooking & Baking, Pantry","  ""Dr Pepper, strawberries and cream, carbonated soft drinks, beverages, cooking, baking, pantry"""
"Durex® Massage & Play 2 in 1 Pleasure Gel, select varieties, at Walmart or Target",TARGET,DUREX,"Medicines & Treatments, Health & Wellness, Sexual Health, Health & Wellness","  ""Durex, Massage & Play, Pleasure Gel, 2 in 1, Varieties, Walmart, Target"""
"EVOLVE® Plant-Based Protein Shake, 4 count, select varieties, at Whole Foods",WHOLE FOODS MARKET,EVOLVE,"Carbonated Soft Drinks, Beverages, Meal Replacement Beverages, Beverages, Frozen Turkey, Frozen Meat","  ""Plant-based protein shake, vegan, vegetarian, meal replacement, healthy drink, frozen meat, turkey"""
"EXTRA®, select sizes",,EXTRA,"Gum, Candy","  Sure, here are some relevant keywords for the product EXTRA® gum in select sizes:

""Gum, Candy, EXTRA, Sugar-free, Peppermint, Spearmint, Fruit flavors, Chewing gum, Breath freshening, Long-lasting flavor"""
"EXTRA®, select varieties",,EXTRA,"Gum, Candy","  ""Gum, Candy, Sugar-free, Peppermint, Spearmint, Fruit flavors, Chewing gum, Bubble gum, Breath freshening, Long-lasting flavor"""
Egglife Egg White Wraps at Aldi,ALDI,EGGLIFE,"Eggs, Dairy","  ""Egglife, Egg White Wraps, Aldi, Eggs, Dairy, Protein-rich, Low-calorie, Healthy snack, Breakfast option"""
Emmy's Organics® Cookies OR Brownie Snaps,,EMMYS POP UP,"Cookies, Snacks","  ""Chocolate chip cookies, oatmeal raisin cookies, peanut butter cookies, brownie snaps, cookie sandwiches, vegan cookies, gluten-free cookies, snack packs, on-the-go snacks"""
Envy Apples pre-packed bags,,ENVY,"Sauces & Marinades, Pantry, Candy, Snacks","  ""Apples, Pre-packed, Bags, Snacks, Sweet, Healthy, Fresh, Produce"""
"Envy Apples, pre-packed bags",,ENVY,"Sauces & Marinades, Pantry, Candy, Snacks","  ""Apples, Pre-packed bags, Snacking, Healthy, Fresh, Crisp, Juicy, Sweet, Tasty, Envy, Sauces, Marinades, Pantry, Candy"""
"Flonase Allergy Relief, at Walmart",WALMART,FLONASE,"Medicines & Treatments, Health & Wellness","  ""Flonase, Allergy Relief, Nasal Spray, Antihistamine, Decongestant, Saline Solution, Sinus Relief, Congestion Relief"""
"Fresh Bakery Products at Casey's, select varieties",CASEYS GENERAL STORE,CASEYS GENERAL STORE,"Cooking & Baking, Pantry, Frozen Pizza & Pizza Snacks, Frozen","  ""Fresh bakery products"", ""Casey's General Store"", ""select varieties"", ""cooking & baking"", ""pantry"", ""frozen pizza & pizza snacks"", ""frozen"""
"Fresh Bakery items, select varieties, at Casey's",CASEYS GENERAL STORE,CASEYS GENERAL STORE,"Cooking & Baking, Pantry, Frozen Pizza & Pizza Snacks, Frozen","  ""Fresh bakery items"", ""select varieties"", ""Casey's General Store"", ""cooking & baking"", ""pantry"", ""frozen pizza & pizza snacks"", ""frozen"""
Fresh Step® Outstretch® Cat Litter,,FRESH STEP,"Medicines & Treatments, Health & Wellness, Bakery, Deli & Bakery, Makeup, Beauty, Bath & Body, Health & Wellness, Cooking & Baking, Pantry, Hair Care, Health & Wellness","  ""cat litter, clumping litter, odor control, long lasting, outstretch, fresh step, scoop, paws, kitty litter, feline hygiene"""
"Fresh bakery item, select varieties, at Casey's",CASEYS GENERAL STORE,CASEYS GENERAL STORE,"Cooking & Baking, Pantry, Frozen Pizza & Pizza Snacks, Frozen","  ""Fresh bakery items"", ""select varieties"", ""Casey's General Store"", ""cooking"", ""baking"", ""pantry"", ""frozen pizza"", ""pizza snacks"""
Frozen OR Fountain Drink at Casey's,CASEYS GENERAL STORE,CASEYS GENERAL STORE,"Cooking & Baking, Pantry, Frozen Pizza & Pizza Snacks, Frozen","  ""Frozen drinks, fountain drinks, soda, pop, iced tea, coffee, frozen pizza, pizza snacks, breakfast items, baked goods"""
Frozen OR Fountain Drink at Casey's ,CASEYS GENERAL STORE,CASEYS GENERAL STORE,"Cooking & Baking, Pantry, Frozen Pizza & Pizza Snacks, Frozen","  ""Frozen drinks, fountain drinks, soda, pop, iced tea, coffee, frozen pizza, pizza snacks, breakfast items, baked goods, grocery, convenience store"""
"Frutero Ice Cream, 1 pint",,FRUTERO,"Frozen Desserts, Frozen, Frozen Fruits, Frozen","  ""Ice cream, frozen desserts, fruit flavors, creamy texture, 1 pint"""
"GATORADE® Fast Twitch®, 12-ounce 12 pack, at Amazon Storefront*",AMAZON,GATORADE,"Sports Drinks, Sports Drinks & Enhanced Waters, Medicines & Treatments, Health & Wellness, Meal Replacement Beverages, Beverages","  ""Gatorade, Fast Twitch, sports drinks, electrolyte drinks, hydration, athletic performance, fitness, workout, energy drinks, meal replacement, beverages"""
"GATORADE® Fast Twitch®, 12-ounce single serve",,GATORADE,"Sports Drinks, Sports Drinks & Enhanced Waters, Medicines & Treatments, Health & Wellness, Meal Replacement Beverages, Beverages","  ""GATORADE, Fast Twitch, sports drinks, electrolyte drinks, hydration, athletic performance, fitness, workout, energy drinks, meal replacement, beverages"""
"GATORADE® Fast Twitch®, 12-ounce single serve, at Kroger",DILLONS GROCERY,GATORADE,"Sports Drinks, Sports Drinks & Enhanced Waters, Medicines & Treatments, Health & Wellness, Meal Replacement Beverages, Beverages","  ""Gatorade, Fast Twitch, sports drinks, sports performance, hydration, electrolytes, energy, endurance, fitness, exercise, workout, recovery, meal replacement, beverages"""
"GATORADE® Fast Twitch®, 12-ounce single serve, buy 2 at Kroger",FOOD4LESS,GATORADE,"Sports Drinks, Sports Drinks & Enhanced Waters, Medicines & Treatments, Health & Wellness, Meal Replacement Beverages, Beverages","  ""Gatorade, Fast Twitch, sports drinks, sports performance, hydration, electrolytes, energy drinks, meal replacement, beverages"""
"GATORADE® Fast Twitch®, 12-ounce single serve, buy 2 at Kroger",FRED MEYER,GATORADE,"Sports Drinks, Sports Drinks & Enhanced Waters, Medicines & Treatments, Health & Wellness, Meal Replacement Beverages, Beverages","  ""Gatorade, Fast Twitch, sports drinks, electrolyte drinks, hydration, athletic performance, fitness, workout, energy drinks, meal replacement, beverages"""
"GATORLYTE® OR GATORADE™ Fit Single Serve Bottle, select varieties",,GATORADE,"Sports Drinks, Sports Drinks & Enhanced Waters, Medicines & Treatments, Health & Wellness, Meal Replacement Beverages, Beverages","  ""GATORADE, sports drinks, fitness, hydration, electrolytes, energy, performance, endurance, recovery, meal replacement, healthy living"""
"GATORLYTE® OR GATORADE™ Fit Single Serve Bottle, select varieties, buy 2",,GATORADE,"Sports Drinks, Sports Drinks & Enhanced Waters, Medicines & Treatments, Health & Wellness, Meal Replacement Beverages, Beverages","  ""GATORADE, sports drinks, fitness, hydration, electrolytes, energy, performance, endurance, athletic performance, workout, exercise, nutrition, healthy living"""
"GOYA® Adobo Seasoning, 8 ounce+",,GOYA,"Cooking & Baking, Pantry, Packaged Vegetables, Pantry, Rice & Grains, Pantry, Sauces & Marinades, Pantry, Water, Beverages, Packaged Meat, Pantry, Frozen Vegetables, Frozen, Cookies, Snacks, Dry Pasta, Pasta & Noodles, Bread, Pantry, Frozen Fruits, Frozen, Drink Mixes, Beverages, Soup & Broth, Pantry, Fruit Juices, Beverages, Frozen Meals, Frozen, Frozen Appetizers, Frozen, Pickled Goods, Pantry, Malt Beverages, Alcohol, Dips & Salsa, Snacks, Deli Counter, Deli & Bakery, Milk, Dairy, Pasta & Noodles, Pantry, Frozen Chicken, Frozen Meat, Pudding & Gelatin, Snacks, Carbonated Soft Drinks, Beverages, Frozen Seafood, Frozen Meat, Nut Butters & Jam, Pantry, Packaged Seafood, Pantry, Crackers, Snacks","  ""Adobo seasoning, Latin American cuisine, sofrito, garlic, onion, oregano, cumin, paprika, chili powder, coriander, annatto seeds, rice, beans, tortillas, salsa, guacamole, empanadas, tamales"""
GOYA® Coconut Water,,GOYA,"Cooking & Baking, Pantry, Packaged Vegetables, Pantry, Rice & Grains, Pantry, Sauces & Marinades, Pantry, Water, Beverages, Packaged Meat, Pantry, Frozen Vegetables, Frozen, Cookies, Snacks, Dry Pasta, Pasta & Noodles, Bread, Pantry, Frozen Fruits, Frozen, Drink Mixes, Beverages, Soup & Broth, Pantry, Fruit Juices, Beverages, Frozen Meals, Frozen, Frozen Appetizers, Frozen, Pickled Goods, Pantry, Malt Beverages, Alcohol, Dips & Salsa, Snacks, Deli Counter, Deli & Bakery, Milk, Dairy, Pasta & Noodles, Pantry, Frozen Chicken, Frozen Meat, Pudding & Gelatin, Snacks, Carbonated Soft Drinks, Beverages, Frozen Seafood, Frozen Meat, Nut Butters & Jam, Pantry, Packaged Seafood, Pantry, Crackers, Snacks","  ""Coconut water, tropical flavors, electrolyte drink, hydrating beverage, natural ingredients, refreshing taste, healthy alternative, fitness drink, vegan friendly"""
"General Mills™ products, select brands, spend $35",,ANNIES HOMEGROWN GROCERY,"Cheese, Dairy, Crackers, Snacks, Fruit & Vegetable Snacks, Snacks, Dressings, Pantry, Cooking & Baking, Pantry, Refrigerated Doughs, Dairy, Packaged Vegetables, Pantry, Frozen Meals, Frozen, Chips, Snacks, Frozen Pizza & Pizza Snacks, Frozen, Cereal, Granola, & Toaster Pastries, Pantry, Bread, Pantry, Frozen Breakfast, Frozen, Cookies, Snacks, Soup & Broth, Pantry","  ""Cheese, Dairy, Crackers, Snacks, Fruit & Vegetable Snacks, Dressings, Pantry, Cooking & Baking, Pantry, Refrigerated Doughs, Frozen Meals, Frozen, Chips, Snacks, Frozen Pizza & Pizza Snacks, Frozen, Cereal, Granola, & Toaster Pastries, Pantry, Bread, Pantry, Frozen Breakfast, Frozen, Cookies, Snacks, Soup & Broth"""
"General Mills™ products, select brands, spend $7 at Convenience Stores",,ANNIES HOMEGROWN GROCERY,"Cheese, Dairy, Crackers, Snacks, Fruit & Vegetable Snacks, Snacks, Dressings, Pantry, Cooking & Baking, Pantry, Refrigerated Doughs, Dairy, Packaged Vegetables, Pantry, Frozen Meals, Frozen, Chips, Snacks, Frozen Pizza & Pizza Snacks, Frozen, Cereal, Granola, & Toaster Pastries, Pantry, Bread, Pantry, Frozen Breakfast, Frozen, Cookies, Snacks, Soup & Broth, Pantry","  ""Cheese, Dairy, Crackers, Snacks, Fruit & Vegetable Snacks, Dressings, Pantry, Cooking & Baking, Pantry, Refrigerated Doughs, Frozen Meals, Frozen, Chips, Snacks, Frozen Pizza & Pizza Snacks, Frozen, Cereal, Granola, & Toaster Pastries, Pantry, Bread, Pantry, Frozen Breakfast, Frozen, Cookies, Snacks, Soup & Broth"""
"General Mills™ products, select varieties, spend $12",,ANNIES HOMEGROWN GROCERY,"Cheese, Dairy, Crackers, Snacks, Fruit & Vegetable Snacks, Snacks, Dressings, Pantry, Cooking & Baking, Pantry, Refrigerated Doughs, Dairy, Packaged Vegetables, Pantry, Frozen Meals, Frozen, Chips, Snacks, Frozen Pizza & Pizza Snacks, Frozen, Cereal, Granola, & Toaster Pastries, Pantry, Bread, Pantry, Frozen Breakfast, Frozen, Cookies, Snacks, Soup & Broth, Pantry","  ""Cheese, Dairy, Crackers, Snacks, Fruit & Vegetable Snacks, Dressings, Pantry, Cooking & Baking, Refrigerated Doughs, Frozen Meals, Frozen, Chips, Snacks, Frozen Pizza & Pizza Snacks, Frozen, Cereal, Granola, Toaster Pastries, Bread, Frozen Breakfast, Cookies, Soup & Broth"""
"General Mills™ snacks, select brands, spend $10",,BUGLES,"Chips, Snacks","  ""Cheddar, Sour Cream & Onion, Barbecue, Classic, Crunchy, Corn Snacks"""
"George's Farmers Market Chicken Wings, at Sam's Club",SAMS CLUB,GEORGES FARMERS MARKET,,"  ""Chicken Wings, George's Farmers Market, SAMS CLUB, Frozen Food, Poultry, Snacks"""
Gillette Venus ® for Pubic Hair & Skin,,GILLETTE VENUS,"Hair Removal, Health & Wellness","  ""Gillette Venus, pubic hair removal, razors, shaving, personal care, grooming, skin care, beauty, health & wellness"""
Gillette Venus ® for Pubic Hair & Skin spend $20,,GILLETTE VENUS,"Hair Removal, Health & Wellness","  ""Gillette Venus, pubic hair removal, skin care, razors, shaving, personal grooming, women's health"""
"Gillette Venus ® for Pubic Hair & Skin, spend $20",,GILLETTE VENUS,"Hair Removal, Health & Wellness","  ""Gillette Venus, pubic hair removal, skin care, razors, shaving, personal grooming, women's health"""
Glad® ForceFlex Max Strength Trash Bags,,GLAD,"Household Supplies, Household Supplies, Prepared Meals, Deli & Bakery, Crackers, Snacks, Food Storage, Household Supplies","  ""Trash bags, forceflex, max strength, heavy duty, large capacity, durable, tear resistant, puncture resistant, leak proof, odor resistant, disposable, household supplies, cleaning supplies, kitchen trash bags"""
"Glad® Trash Bags, 4 OR 8 Gallon",,GLAD,"Household Supplies, Household Supplies, Prepared Meals, Deli & Bakery, Crackers, Snacks, Food Storage, Household Supplies","  ""Glad, Trash Bags, 4 gallon, 8 gallon, Household Supplies, Food Storage, Snacks, Crackers"""
Good Humor Viennetta Frozen Vanilla Cake,,GOOD HUMOR,"Frozen Desserts, Frozen, Dips & Salsa, Snacks","  ""Viennetta"", ""Frozen Vanilla Cake"", ""Good Humor"", ""Frozen Desserts"", ""Frozen"", ""Dips & Salsa"", ""Snacks"""
"Gorton's Air Fried Butterfly Shrimp, at Walmart",WALMART,GORTONS,"Frozen Seafood, Frozen Meat, Jerky & Dried Meat, Snacks, Frozen Meals, Frozen","  ""Gorton's, Air Fried, Butterfly Shrimp, Walmart, Frozen Seafood, Frozen Meat, Jerky & Dried Meat, Snacks, Frozen Meals"""
Gorton's at select retailers,STOP & SHOP,GORTONS,"Frozen Seafood, Frozen Meat, Jerky & Dried Meat, Snacks, Frozen Meals, Frozen","  ""Gorton's, frozen seafood, frozen meat, jerky, dried meat, snacks, frozen meals"""
Gorton's at select retailers,WALMART,GORTONS,"Frozen Seafood, Frozen Meat, Jerky & Dried Meat, Snacks, Frozen Meals, Frozen","  ""Gorton's, Walmart, frozen seafood, frozen meat, jerky, dried meat, snacks, frozen meals"""
"Gorton's, at select retailers",SHOP RITE,GORTONS,"Frozen Seafood, Frozen Meat, Jerky & Dried Meat, Snacks, Frozen Meals, Frozen","  ""Gorton's, seafood, frozen meals, fish sticks, jerky, dried meat, snacks, frozen food"""
"Gorton's, at select retailers",STOP & SHOP,GORTONS,"Frozen Seafood, Frozen Meat, Jerky & Dried Meat, Snacks, Frozen Meals, Frozen","  ""Gorton's, seafood, frozen meals, fish sticks, jerky, dried meat, snacks, Stop & Shop"""
Hellmann's | Best Foods Vegan Dressing or Spread,,HELLMANNS BEST FOODS,"Condiments, Pantry, Sauces & Marinades, Pantry, Dressings, Pantry","  ""Vegan dressing, spread, condiments, pantry, sauces, marinades, salad dressing, vegetarian, plant-based, dairy-free"""
Hellmann's® OR Best Foods® AND Sargento® Cheese Slices,,HELLMANNS BEST FOODS,"Condiments, Pantry, Sauces & Marinades, Pantry, Dressings, Pantry","  ""Mayonnaise, ketchup, mustard, relish, sauces, marinades, dressings, condiments, cheese, slices, shredded cheese, mozzarella, cheddar, gouda, provolone"""
Hellmann's® OR Best Foods® Garlic Aioli OR Spicy Mayonnaise,,HELLMANNS BEST FOODS,"Condiments, Pantry, Sauces & Marinades, Pantry, Dressings, Pantry","  ""Garlic aioli, spicy mayonnaise, condiments, pantry, sauces & marinades, dressings"""
"Hidden Valley® Ranch Night Seasoning Mix, 1 count",,HIDDEN VALLEY RANCH,"Dips & Salsa, Snacks, Sauces & Marinades, Pantry, Cooking & Baking, Pantry","  ""Ranch seasoning, dip mix, snack seasoning, flavor enhancer, marinade, cooking seasoning, baking seasoning, pantry staple"""
"Hidden Valley® Ranch Salad Dressing OR Secret Sauce, select varieties",,HIDDEN VALLEY RANCH,"Dips & Salsa, Snacks, Sauces & Marinades, Pantry, Cooking & Baking, Pantry","  ""Ranch dressing, salad dressing, secret sauce, dip, salsa, snack, marinade, cooking, baking, pantry, Hidden Valley Ranch"""
"Hidden Valley® Ranch Seasoning Mix Packet, 1 count",,HIDDEN VALLEY RANCH,"Dips & Salsa, Snacks, Sauces & Marinades, Pantry, Cooking & Baking, Pantry","  ""Ranch seasoning, dip mix, snack seasoning, sauce mix, marinade, cooking seasoning, baking seasoning, pantry staple, Hidden Valley Ranch"""
Hidden Valley® Ranch Seasoning Shaker,,HIDDEN VALLEY RANCH,"Dips & Salsa, Snacks, Sauces & Marinades, Pantry, Cooking & Baking, Pantry","  ""Ranch seasoning, dip mix, salad dressing, snack seasoning, pantry staple, cooking seasoning, baking seasoning, marinade, flavor enhancer"""
"Hidden Valley® Ranch Seasoning, select varieties",,HIDDEN VALLEY RANCH,"Dips & Salsa, Snacks, Sauces & Marinades, Pantry, Cooking & Baking, Pantry","  ""Ranch seasoning, dip mix, salad dressing, snack seasoning, pantry staple, cooking seasoning, baking seasoning, marinade, flavor enhancer"""
"Häagen-Dazs®, 28 ounce, at GROCERY* stores",,HAAGEN DAZS,"Frozen Desserts, Frozen","  ""Häagen-Dazs, ice cream, frozen desserts, grocery stores, 28 ounces"""
"Jack Link's®, select varieties",,JACK LINKS,"Jerky & Dried Meat, Snacks","  ""Beef jerky, teriyaki, spicy, smoked, dried meat, snack sticks, protein-rich, low-fat, no added preservatives"""
Klondike Cones at Walmart ,WALMART,KLONDIKE,"Frozen Desserts, Frozen, Frozen Meals, Frozen","  ""Klondike Cones"", ""Walmart"", ""Frozen Desserts"", ""Frozen"", ""Frozen Meals"""
"Klondike Cones, spend $10 at Walmart ",WALMART,KLONDIKE,"Frozen Desserts, Frozen, Frozen Meals, Frozen","  ""Klondike Cones"", ""Walmart"", ""Frozen Desserts"", ""Frozen"", ""Frozen Meals"""
"Kodiak® products, select varieties, spend $10",,KODIAK CAKES FLAPJACK & WAFFLE MIX,"Cereal, Granola, & Toaster Pastries, Pantry","  ""Kodiak, flapjack, waffle mix, cereal, granola, toaster pastries, pantry"""
"Kradle, select products, online at Chewy.com",CHEWY,KRADLE,"Cooking & Baking, Pantry, Dog Supplies, Animals & Pet Supplies","  ""Kradle, dog food, pet supplies, cooking, baking, pantry, animal supplies"""
"Kradle, select varieties, at Pet Supplies Plus",PET SUPPLIES PLUS,KRADLE,"Cooking & Baking, Pantry, Dog Supplies, Animals & Pet Supplies","  ""Kradle, dog food, pet supplies, animal feed, pantry staples, cooking essentials"""
"Kradle, select varieties, online at Amazon",AMAZON,KRADLE,"Cooking & Baking, Pantry, Dog Supplies, Animals & Pet Supplies","  ""Kradle, dog food, pet supplies, cooking, baking, pantry, animal supplies"""
"Kradle, select varieties, spend $20 at Walmart",WALMART,KRADLE,"Cooking & Baking, Pantry, Dog Supplies, Animals & Pet Supplies","  ""Kradle, dog food, pet supplies, pantry, cooking, baking, Walmart"""
L'Oreal Paris True Match Foundation at Target,TARGET,LOREAL PARIS COSMETICS,"Makeup, Beauty","  ""L'Oreal Paris"", ""True Match Foundation"", ""Target"", ""Makeup"", ""Beauty"", ""Foundation"", ""Cosmetics"", ""LOREAL PARIS COSMETICS"""
L'Oréal Paris Excellence Hair Color at Target,TARGET,LOREAL PARIS HAIR COLOR,"Hair Care, Health & Wellness","  ""Hair color, hair dye, permanent hair color, semi-permanent hair color, temporary hair color, hair care, healthy hair, beauty products, salon-quality hair color, at-home hair color, hair color kit, hair coloring, hair styling, hair products, L'Oréal Paris, Excellence, Target"""
"L'Oréal Paris Hair color, select varieties, spend $19 at Target",TARGET,LOREAL PARIS HAIR COLOR,"Hair Care, Health & Wellness","  ""Hair color, hair dye, L'Oreal Paris, Target, Hair Care, Health & Wellness"""
"L'Oréal Paris Hair color, select varieties, spend $25 at Target",TARGET,LOREAL PARIS HAIR COLOR,"Hair Care, Health & Wellness","  ""Hair color, hair dye, L'Oréal Paris, Target, Hair Care, Health & Wellness"""
"L'Oréal Paris Hair color, select varieties, spend $9 at Target",TARGET,LOREAL PARIS HAIR COLOR,"Hair Care, Health & Wellness","  ""Hair color, hair dye, L'Oreal Paris, hair care, health and wellness, beauty, cosmetics, personal care, Target"""
"L'Oréal Paris Makeup, spend $30 at Target",TARGET,LOREAL PARIS COSMETICS,"Makeup, Beauty","  ""L'Oréal Paris"", ""Makeup"", ""Beauty"", ""Cosmetics"", ""Target"""
"L'Oréal Paris Makeup, spend $35 at Target",TARGET,LOREAL PARIS COSMETICS,"Makeup, Beauty","  ""L'Oréal Paris"", ""Makeup"", ""Beauty"", ""Cosmetics"", ""Target"""
"L'Oréal Paris Men Expert hair color, spend $19 at Walmart",WALMART,LOREAL PARIS HAIR COLOR,"Hair Care, Health & Wellness","  ""Hair color, men's grooming, hair dye, L'Oréal Paris, Walmart, health & wellness"""
L'Oréal Paris True Match Foundation at Target,TARGET,LOREAL PARIS COSMETICS,"Makeup, Beauty","  ""L'Oréal Paris"", ""True Match Foundation"", ""Target"", ""Makeup"", ""Beauty"", ""Foundation"", ""Cosmetics"", ""L'Oréal Cosmetics"""
LIFE SAVERS®,,LIFESAVERS,"Candy, Snacks","  ""Mints, Breath Savers, Candy, Sweets, Snacks, Fruit Flavors, Sugar Free, Hard Candies"""
"LIFESAVERS®, any size, buy 1",,LIFESAVERS,"Candy, Snacks","  ""Minty, fruity, sweet, sour, tangy, chewy, soft, hard, sugar, candy, snacks, treats, lifesavers"""
Little Bites® Spend $10 at Walmart®,WALMART,ENTENMANNS,"Snack Cakes, Snacks, Cookies, Snacks, Wine, Alcohol, Bakery, Deli & Bakery","  ""Little Bites, Walmart, Entenmann's, snack cakes, snacks, cookies, bakery, deli, wine, alcohol"""
"L’Oréal Paris Men Expert hair color, spend $9 at Walmart",WALMART,LOREAL PARIS HAIR COLOR,"Hair Care, Health & Wellness","  ""Hair color, men's grooming, hair dye, L'Oréal Paris, Walmart, health & wellness"""
"M&M'S® chocolate candies, select varieties",,M&MS,"Candy, Snacks","  ""Chocolate candies, Snacks, Candy, M&M'S, Peanut, Almond, Milk Chocolate, Dark Chocolate, Flavored Candies"""
"M&M'S®, select sizes, buy 1",,M&MS,"Candy, Snacks","  ""M&M'S®, chocolate candies, snacks, candy bars, peanut butter, milk chocolate, crunchy, chewy, variety pack"""
"MTN DEW® Kickstart, 16-ounce 12 count, select varieties, at Amazon Storefront*",AMAZON,MOUNTAIN DEW,"Carbonated Soft Drinks, Beverages","  ""Mountain Dew, MTN DEW Kickstart, citrus soda, carbonated beverage, caffeinated drink, sweet tea, lemon-lime flavor, 16-ounce cans, 12-pack, Amazon Storefront"""
"Magnum Non-Dairy Hazelnut Crunch Ice Cream Bars, 3 count",,MAGNUM ICE CREAM,"Frozen Desserts, Frozen","  ""Hazelnut crunch, non-dairy, ice cream bars, 3 count, frozen desserts, frozen"""
"Marinela® sweet baked goods, buy 2",,MARINELA,"Cookies, Snacks, Snack Cakes, Snacks, Candy, Snacks","  ""Marinela, Sweet Baked Goods, Cookies, Snacks, Snack Cakes, Candy"""
"Michael Angelo's® OR Rao's® Frozen Entrees, spend $10",,RAO'S,"Sauces & Marinades, Pantry, Dry Pasta, Pasta & Noodles, Frozen Meals, Frozen, Alfredo & White Pasta Sauce, Pasta Sauce, Red Pasta Sauce, Pasta Sauce, Pasta & Noodles, Pantry, Frozen Pizza & Pizza Snacks, Frozen","  ""Frozen entree, pasta, sauce, marinara, alfredo, pesto, meatballs, mozzarella, parmesan, garlic, herbs"""
Michael Angelo's® Sauce at Walmart,WALMART,MICHAEL ANGELO'S,"Frozen Meals, Frozen, Sauces & Marinades, Pantry","  ""Michael Angelo's, Walmart, Frozen Meals, Frozen, Sauces & Marinades, Pantry"""
"Molson Coors®, select varieties, 12 Pack+, buy 2",,TOPO CHICO HARD SELTZER,"Hard Seltzers, Sodas, Waters, Lemonades & Teas, Alcohol","  ""Molson Coors, Topo Chico, hard seltzer, alcohol, lemonade, tea, waters, sodas"""
"Molson Coors®, select varieties, 12 pack+",,COORS LIGHT,"Beer, Alcohol, Makeup, Beauty","  ""Beer, Alcohol, Light Beer, Lager, Brewing, Refreshing, Crisp, Cold, Golden, Colorado, Rocky Mountains"""
NatuChips® Plantain Chips,,NATUCHIPS,"Chips, Snacks","  ""Plantain chips, NatuChips, crispy snack, gluten-free, vegan, natural ingredients, non-GMO, low calorie, healthy alternative"""
Nature Valley™ Protein Granola,,NATURE VALLEY,"Nuts & Seeds, Snacks, Crackers, Snacks, Nut Butters & Jam, Pantry, Cookies, Snacks, Candy, Snacks, Cereal, Granola, & Toaster Pastries, Pantry, Dips & Salsa, Snacks, Trail Mix, Snacks, Fruit & Vegetable Snacks, Snacks, Chips, Snacks","  ""Protein granola, oats, nuts, seeds, dried fruit, healthy snack, breakfast option, energy boost, natural ingredients, low sugar, high fiber"""
"ORBIT®, select sizes, buy 1",,ORBIT,"Gum, Candy","  Sure, here are some relevant keywords for the ORBIT® gum product:

""Gum, Candy, Orbit, Sugar-free, Peppermint, Spearmint, Fruit flavors, Chewing gum, Refreshing, Breath freshening"""
"ORBIT®, select varieties",,ORBIT,"Gum, Candy","  ""Gum, Candy, Orbit, Fruit flavors, Sugar-free, Chewing gum, Refreshing, Minty, Sweet"""
Order from Casey's app or Caseys.com,CASEYS GENERAL STORE,CASEYS GENERAL STORE,"Cooking & Baking, Pantry, Frozen Pizza & Pizza Snacks, Frozen","  ""Casey's General Store"", ""Frozen Pizza"", ""Pizza Snacks"", ""Cooking & Baking"", ""Pantry"""
Order online at Zaxbys.com,ZAXBYS,ZAXBYS,,"  ""Zaxby's, chicken, wings, tenders, sandwiches, salads, soups, appetizers, desserts, Southern-style, comfort food, fast casual, dine-in, takeout, delivery"""
"OxiClean™ Laundry Stain Removers, select varieties at Walmart",WALMART,OXICLEAN,,"  ""OxiClean, laundry stain removers, pre-treatment spray, powder, liquid, stain removing, tough stains, dirt, grass, blood, red wine, pet stains"""
"PepsiCo® Beverage, 7.5-ounce 10 pack, select varieties, at Amazon Storefront*",AMAZON,PEPSI,"Carbonated Soft Drinks, Beverages","  ""Pepsi, Coke, Mountain Dew, Ginger Ale, Root Beer, Cola, Fanta, Sprite, Diet Pepsi, Caffeine Free Pepsi"""
"PepsiCo® Variety Pack, select varieties, at Amazon Storefront*",AMAZON,PEPSI,"Carbonated Soft Drinks, Beverages","  ""Pepsi, Coke, Mountain Dew, Gatorade, Diet Pepsi, Pepsi Zero, soda, soft drinks, cola, carbonated beverages, variety pack, multipack, Amazon, online retail, grocery delivery"""
"Perfect Keto Barista Blend Collagen & MCTs, online at Amazon",AMAZON,PERFECT KETO,"Medicines & Treatments, Health & Wellness, Nuts & Seeds, Snacks","  ""Perfect Keto"", ""Barista Blend"", ""Collagen"", ""MCTs"", ""Amazon"", ""Health & Wellness"", ""Nuts & Seeds"", ""Snacks"""
"Perfect Keto Bars, online at Amazon",AMAZON,PERFECT KETO,"Medicines & Treatments, Health & Wellness, Nuts & Seeds, Snacks","  ""Keto bars, low carb snacks, high protein bars, nutritious bars, healthy snack options, ketogenic diet, weight loss, fitness, nutrition"""
"Perfect Keto Beauty + Sleep Collagen, online at Amazon",AMAZON,PERFECT KETO,"Medicines & Treatments, Health & Wellness, Nuts & Seeds, Snacks","  ""Perfect Keto"", ""Beauty + Sleep Collagen"", ""Amazon"", ""Medicines & Treatments"", ""Health & Wellness"", ""Nuts & Seeds"", ""Snacks"""
"Perfect Keto Collagen Peptides, online at Amazon",AMAZON,PERFECT KETO,"Medicines & Treatments, Health & Wellness, Nuts & Seeds, Snacks","  ""Perfect Keto Collagen Peptides, Keto Diet Supplements, Collagen Protein Powder, Low Carb Snacks, Ketogenic Lifestyle, Healthy Fats, Nutritious Snacks"""
"Perfect Keto Exogenous Ketones Powder, online at Amazon",AMAZON,PERFECT KETO,"Medicines & Treatments, Health & Wellness, Nuts & Seeds, Snacks","  ""Keto powder, exogenous ketones, Perfect Keto, Amazon, health supplements, wellness products, nutritional snacks"""
"Perfect Keto MCT Oil Powder, online at Amazon",AMAZON,PERFECT KETO,"Medicines & Treatments, Health & Wellness, Nuts & Seeds, Snacks","  ""Keto diet, MCT oil powder, health supplements, weight loss, nutrition, snacks, healthy fats, ketogenic lifestyle"""
"Perfect Keto Super Reds, online at Amazon",AMAZON,PERFECT KETO,"Medicines & Treatments, Health & Wellness, Nuts & Seeds, Snacks","  ""Keto supplements, reds powder, exogenous ketones, weight loss, fat burning, energy boost, healthy snacks, nutritional supplements, wellness products"""
"Persil® ProClean®, select varieties, at Walmart",WALMART,PERSIL,,"  ""Persil, ProClean, laundry detergent, stain remover, odor eliminator, liquid, powder, capsules, Walmart"""
"Promised Land Dairy Milk, 52-ounce",,PROMISED LAND DAIRY,"Milk, Dairy","  ""Promised Land Dairy"", ""Dairy Milk"", ""52-ounce"", ""Milk"", ""Dairy Products"", ""Fresh Milk"", ""Pasteurized Milk"", ""Homogenized Milk"", ""Vitamin D Fortified"""
"Purex® laundry detergent, select varieties, at Walmart",WALMART,PUREX,"Laundry Supplies, Household Supplies","  ""Laundry detergent, Purex, Walmart, household supplies, cleaning products, stain remover, odor eliminator, fresh scent, powerful cleaning, gentle fabric care"""
QUEEN V® The VIP & The Wingwoman Soft Touch Silicone Vibrator at Walmart,WALMART,QUEEN V,,"  ""VIP, Wingwoman, Soft Touch, Silicone, Vibrator, Walmart, QUEEN V"""
"RESPAWN® by 5® GUM, at Walmart",WALMART,5 GUM,"Gum, Candy","  ""Gum, Candy, 5 GUM, RESPAWN®, Walmart"""
Rao's® Frozen Pizza,,RAO'S,"Sauces & Marinades, Pantry, Dry Pasta, Pasta & Noodles, Frozen Meals, Frozen, Alfredo & White Pasta Sauce, Pasta Sauce, Red Pasta Sauce, Pasta Sauce, Pasta & Noodles, Pantry, Frozen Pizza & Pizza Snacks, Frozen","  ""Frozen pizza, Rao's, pasta sauce, alfredo, white sauce, red sauce, frozen meals, pantry, dry pasta, noodles"""
"Rao's®, Pasta OR Sauce, spend $10",,RAO'S,"Sauces & Marinades, Pantry, Dry Pasta, Pasta & Noodles, Frozen Meals, Frozen, Alfredo & White Pasta Sauce, Pasta Sauce, Red Pasta Sauce, Pasta Sauce, Pasta & Noodles, Pantry, Frozen Pizza & Pizza Snacks, Frozen","  ""Rao's®, Pasta, Sauce, Spend $10, RAO'S, Alfredo, White Pasta Sauce, Red Pasta Sauce, Pasta & Noodles, Frozen Pizza & Pizza Snacks"""
Red Gold Tomato Juice,,RED GOLD,"Cooking & Baking, Pantry, Sauces & Marinades, Pantry, Condiments, Pantry, Dips & Salsa, Snacks, Drink Mixes, Beverages","  ""Tomato juice, red gold, cooking, baking, pantry, sauces, marinades, condiments, dips, salsa, snacks, drink mixes, beverages"""
Red Gold Tomato Ketchup,,RED GOLD,"Cooking & Baking, Pantry, Sauces & Marinades, Pantry, Condiments, Pantry, Dips & Salsa, Snacks, Drink Mixes, Beverages","  ""Tomato ketchup, red gold, cooking, baking, pantry, sauces, marinades, condiments, dips, salsa, snacks, drink mixes, beverages"""
"Reese's Chocolate Cones, 8 count at GIANT OR MARTIN’S",GIANT FOOD,KLONDIKE,"Frozen Desserts, Frozen, Frozen Meals, Frozen","  ""Klondike, Reese's, chocolate cones, ice cream, frozen desserts, 8 count, Giant Food"""
"Reese's Chocolate Cones, 8 count at GIANT OR MARTIN’S",MARTINS FOODS,KLONDIKE,"Frozen Desserts, Frozen, Frozen Meals, Frozen","  ""Klondike, Reese's, chocolate cones, frozen desserts, ice cream, frozen meals"""
"Reese's Peanut Butter Bar, 6 count, at GIANT OR MARTIN’S",MARTINS FOODS,GOOD HUMOR,"Frozen Desserts, Frozen, Dips & Salsa, Snacks","  ""Reese's, Peanut Butter, Chocolate, Ice Cream, Frozen Treats, Dips, Salsa, Snacks"""
"Reese's Peanut Butter Bar, 6 count, at GIANT OR MARTIN’S",THE GIANT CO,GOOD HUMOR,"Frozen Desserts, Frozen, Dips & Salsa, Snacks","  ""Reese's, Peanut Butter, Chocolate, Ice Cream, Frozen Treats, Desserts, Snacks, Good Humor"""
"SKITTLES®, select sizes",,SKITTLES,"Candy, Snacks, Fruit Juices, Beverages","  ""SKITTLES, fruit flavors, chewy candies, snack size, shareable, variety pack, tangy taste, colorful, fun"""
"SKITTLES®, select varieties",,SKITTLES,"Candy, Snacks, Fruit Juices, Beverages","  ""SKITTLES, Fruit Juices, Beverages, Candy, Snacks, Sweet Treats, Fruity Flavors, Fun Size, Share Size, Movie Snacks"""
"SNICKERS® chocolate candy bar, select varieties",,SNICKERS,"Candy, Snacks","  ""Chocolate candy bar, peanuts, caramel, nougat, milk chocolate, snack size, shareable, hunger satisfaction"""
"SNICKERS®, select sizes, buy 1",,SNICKERS,"Candy, Snacks","  ""Snickers, candy bars, chocolate snacks, peanuts, caramel, nougat, snack size, share size, movie snacks, road trip snacks, party snacks"""
"STARBURST®, select sizes, buy 1",,STARBURST,"Candy, Snacks, Fruit & Vegetable Snacks, Snacks, Gum, Candy","  ""Fruit flavored snacks"", ""Chewy candy"", ""Orange, lemon, lime, cherry flavors"", ""Gluten-free"", ""Vegan"", ""Low fat"", ""Snack size"", ""Shareable"", ""Movie night treats"""
"STARBURST®, select varieties",,STARBURST,"Candy, Snacks, Fruit & Vegetable Snacks, Snacks, Gum, Candy","  ""Fruit flavored snacks"", ""Chewy candy"", ""Gluten free"", ""Vegan"", ""Low fat"", ""Sugar free"""
"Sara Lee® Delightful bread, buy 2",,SARA LEE,"Bread, Pantry, Cheese, Dairy, Bakery, Deli & Bakery, Cereal, Granola, & Toaster Pastries, Pantry, Frozen Desserts, Frozen","  ""Bread, Pantry, Cheese, Dairy, Bakery, Deli & Bakery, Cereal, Granola, & Toaster Pastries, Pantry, Frozen Desserts, Frozen"""
"Sara Lee® bread select varieties, buy 2",WALMART,SARA LEE,"Bread, Pantry, Cheese, Dairy, Bakery, Deli & Bakery, Cereal, Granola, & Toaster Pastries, Pantry, Frozen Desserts, Frozen","  ""Whole wheat, white bread, rye bread, baguette, ciabatta, sourdough, bagels, English muffins, pita bread, naan, tortillas, cheese bread, garlic bread, butter bread, sandwich bread, hamburger buns, hot dog buns, dinner rolls, cinnamon rolls, croissants, pastries, danish, muffins, scones, cookies, crackers, chips, pretzels, popcorn, cereals, granola bars, breakfast bars, toaster strudel, toaster pastries, frozen waffles, frozen pancakes, frozen dinners, pizza, ice cream, frozen yogurt, frozen novelties"""
"Sara Lee® bread, select varieties, buy 2 at Walmart®",WALMART,SARA LEE,"Bread, Pantry, Cheese, Dairy, Bakery, Deli & Bakery, Cereal, Granola, & Toaster Pastries, Pantry, Frozen Desserts, Frozen","  ""Bread, Pantry, Cheese, Dairy, Bakery, Deli & Bakery, Cereal, Granola, & Toaster Pastries, Pantry, Frozen Desserts, Frozen"""
"Sara Lee® or Alfaros® Artesano bread, buy 2",,ALFAROS,"Bakery, Deli & Bakery, Bread, Pantry","  ""Artesano bread, bakery, deli, pantry, Sara Lee, Alfaros"""
"Sara Lee® or Alfaros® Artesano bread, buy 5",,ALFAROS,"Bakery, Deli & Bakery, Bread, Pantry","  ""Artesano bread, Sara Lee, Alfaros, bakery, deli, pantry, bread, sandwich bread, artisanal bread, fresh bread, baked goods"""
"Sara Lee® or Alfaros® Artesano bread, spend $20",,ALFAROS,"Bakery, Deli & Bakery, Bread, Pantry","  ""Artesano bread, Sara Lee, Alfaros, bakery, deli, pantry, bread, sandwich bread, artisanal bread, fresh bread, baked goods"""
"Sara Lee® or Alfaros® Artesano bread, spend $8",,ALFAROS,"Bakery, Deli & Bakery, Bread, Pantry","  ""Artesano bread, Sara Lee, Alfaros, bakery, deli, pantry, bread, sandwich bread, artisanal bread, fresh bread, baked goods"""
Sargento Product,,SARGENTO,"Cheese, Dairy","  ""Mozzarella, Cheddar, Parmesan, Provolone, Pepper Jack, Colby, Monterey Jack, Ricotta, Cottage Cheese, Feta, Blue Cheese, Gouda, Brie, Goat Cheese"""
"Sargento Sliced Cheese, spend $12",,SARGENTO,"Cheese, Dairy","  ""Sargento,"" ""Cheese,"" ""Dairy,"" ""Sliced,"" ""$12"""
"Sargento Sliced Cheese, spend $18",,SARGENTO,"Cheese, Dairy","  ""Sargento,"" ""Cheese,"" ""Dairy,"" ""Sliced,"" ""$18"""
"Sargento Sliced Cheese, spend $25",,SARGENTO,"Cheese, Dairy","  ""Sargento,"" ""Cheese,"" ""Dairy,"" ""Sliced,"" ""$25"""
"Sargento® products, select varieties",,SARGENTO,"Cheese, Dairy","  ""Sargento"", ""Cheese"", ""Dairy"", ""Mozzarella"", ""Cheddar"", ""Parmesan"", ""Provolone"", ""Gouda"", ""Feta"", ""Blue cheese"", ""Brie"", ""Goat cheese"", ""Fresh cheese"", ""Soft cheese"", ""Hard cheese"", ""Aged cheese"""
"Sargento® products, select varieties, buy 3",,SARGENTO,"Cheese, Dairy","  ""Sargento, cheese, dairy, cheddar, mozzarella, parmesan, provolone, gouda, feta, goat cheese, blue cheese, brie, camembert, chevre, ricotta, cottage cheese, yogurt, milk, butter, cream, ice cream"""
Select Beverages AND Prepared Food Item at Casey's,CASEYS GENERAL STORE,CASEYS GENERAL STORE,"Cooking & Baking, Pantry, Frozen Pizza & Pizza Snacks, Frozen","  ""Pizza, frozen pizza, pizza snacks, frozen food, prepared meals, cooking, baking, pantry staples"""
Select beverages AND prepared food items at Casey's,CASEYS GENERAL STORE,CASEYS GENERAL STORE,"Cooking & Baking, Pantry, Frozen Pizza & Pizza Snacks, Frozen","  ""Prepared food, beverages, cooking, baking, pantry, frozen pizza, snacks"""
Shop 2 times at ACME,ACME,ACME,"Medicines & Treatments, Health & Wellness","  ""Medicines, Treatments, Health, Wellness, ACME, Pharmacy, Drugs, Supplements, Vitamins"""
Shop 2 times at Albertsons,ALBERTSONS,ALBERTSONS,"Candy, Snacks","  ""Candy, Snacks, Chocolate, Gummies, Sour Candies, Salty Snacks, Fresh Produce, Baked Goods"""
Shop 2 times at Pavilions,PAVILIONS,PAVILIONS,"Cooking & Baking, Pantry","  ""Pavilions, cooking, baking, pantry, grocery, food, kitchen, supplies, ingredients"""
Shop 2 times at Randalls,RANDALLS,RANDALLS,,"  ""Grocery, Supermarket, Food, Produce, Meat, Dairy, Bakery, Pantry, Household Essentials"""
Shop 2 times at Randalls,RANDALLS FOOD MARKETS,RANDALLS,,"  ""Randalls"", ""grocery store"", ""supermarket"", ""food market"", ""shopping"", ""discounts"", ""deals"", ""savings"", ""groceries"", ""household essentials"""
Shop 2 times at Safeway,SAFEWAY,SAFEWAY,"Candy, Snacks","  ""Safeway"", ""candy"", ""snacks"", ""chocolate"", ""gummies"", ""chips"", ""popcorn"", ""cookies"""
Shop 2 times at Shaw's,SHAWS,SHAWS,"Cooking & Baking, Pantry","  ""Shaw's, grocery, supermarket, food, cooking, baking, pantry, kitchen, supplies, ingredients"""
Shop 2 times at Star Market,STAR MARKET,STAR MARKET,"Cooking & Baking, Pantry","  ""Star Market, grocery, supermarket, cooking, baking, pantry, food, ingredients, kitchen essentials"""
Shop 2 times at Tom Thumb,TOM THUMB,TOM THUMB,,"  ""Grocery, Supermarket, Food, Beverages, Household Essentials, Personal Care, Pharmacy"""
Shop 2 times at Vons,VONS,VONS,"Spirits, Alcohol","  ""Vons, spirits, alcohol, wine, beer, liquor, champagne, vodka, gin, rum, whiskey, tequila"""
"SiO® Beauty Patches, online at Siobeauty.com",SIOBEAUTY.COM,SIO BEAUTY,,"  ""Beauty patches, facial rejuvenation, anti-aging, skincare, face mask, hydrating, brightening, smoothing, firming, lifting"""
"Sign up for McAlister's Deli Rewards, tap for details",MCALISTERS DELI,MCALISTERS DELI,"Prepared Meals, Deli & Bakery, Leafy Salads, Deli & Bakery, Tea, Beverages, Wine, Alcohol, Fruit Juices, Beverages, Cookies, Snacks, Carbonated Soft Drinks, Beverages, Cheese, Dairy, Chips, Snacks, Water, Beverages, Milk, Dairy, Bakery, Deli & Bakery, Cooking & Baking, Pantry, Packaged Meals & Sides, Pantry, Pickled Goods, Pantry, Soup & Broth, Pantry, Frozen Chicken, Frozen Meat, Candy, Snacks, Dressings, Pantry, Coffee, Beverages, Packaged Fruit & Applesauce, Pantry, Fruit & Vegetable Snacks, Snacks, Frozen Meals, Frozen, Sauces & Marinades, Pantry, Dips & Salsa, Snacks, Bread, Pantry, Pasta & Noodles, Pantry, Frozen Turkey, Frozen Meat","  ""Prepared Meals"", ""Deli & Bakery"", ""Leafy Salads"", ""Tea"", ""Beverages"", ""Wine"", ""Fruit Juices"", ""Cookies"", ""Snacks"", ""Carbonated Soft Drinks"", ""Cheese"", ""Dairy"", ""Chips"", ""Bakery"", ""Deli & Bakery"", ""Cooking & Baking"", ""Pantry"", ""Packaged Meals & Sides"", ""Pantry"", ""Pickled Goods"", ""Pantry"", ""Soup & Broth"", ""Pantry"", ""Frozen Chicken"", ""Frozen Meat"", ""Candy"", ""Snacks"", ""Dressings"", ""Pantry"", ""Coffee"", ""Beverages"", ""Packaged Fruit & Applesauce"", ""Pantry"", ""Fruit & Vegetable Snacks"", ""Snacks"", ""Frozen Meals"", ""Frozen"", ""Sauces & Marinades"", ""Pantry"", ""Dips & Salsa"", ""Snacks"", ""Bread"", ""Pantry"", ""Pasta & Noodles"","
Sign up for The Club Card or The Club+ Card full-priced membership* (New Members Only),BJS WHOLESALE,BJS WHOLESALE,"Cooking & Baking, Pantry","  ""Wholesale prices, bulk purchases, discounts, membership benefits, savings, cooking essentials, baking supplies, pantry staples"""
Simply Organic Seasoning Mixes OR Spices,,SIMPLY ORGANIC,"Cooking & Baking, Pantry, Sauces & Marinades, Pantry","  ""Simply Organic, seasoning mixes, spices, cooking, baking, pantry, sauces, marinades"""
Simply Spiked™ 12 pack+,,SIMPLY SPIKED,"Malt Beverages, Alcohol, Hard Seltzers, Sodas, Waters, Lemonades & Teas, Alcohol","  ""Simply Spiked, hard seltzer, alcohol, malt beverage, lemonade, tea, waters, soda, 12 pack"""
Simply Spiked™ Lemonade 12 pack+,,SIMPLY SPIKED,"Malt Beverages, Alcohol, Hard Seltzers, Sodas, Waters, Lemonades & Teas, Alcohol","  ""Lemonade, Malt beverage, Alcohol, Hard seltzer, Soda, Water, Lemonades, Teas"""
Simply Spiked™ Signature Peach 12 pack+,,SIMPLY SPIKED,"Malt Beverages, Alcohol, Hard Seltzers, Sodas, Waters, Lemonades & Teas, Alcohol","  ""Peach, Signature, 12 pack, Malt Beverages, Alcohol, Hard Seltzers, Sodas, Waters, Lemonades & Teas"""
"Simply Spiked™ Signature Peach 12-pack or larger, buy 2",,SIMPLY SPIKED,"Malt Beverages, Alcohol, Hard Seltzers, Sodas, Waters, Lemonades & Teas, Alcohol","  ""Peach, 12-pack, Buy 2, Malt Beverages, Alcohol, Hard Seltzers, Sodas, Waters, Lemonades & Teas"""
Sir Kensington's® Condiments,,SIR KENSINGTONS,"Condiments, Pantry, Sauces & Marinades, Pantry, Dressings, Pantry","  ""Ketchup, Mayonnaise, Mustard, Relish, BBQ Sauce, Hot Sauce, Salad Dressing, Vinaigrette, Marinade"""
"Sir Kensington's® Condiments, buy 2",,SIR KENSINGTONS,"Condiments, Pantry, Sauces & Marinades, Pantry, Dressings, Pantry","  ""Condiments, Pantry, Sauces & Marinades, Dressings, Mayonnaise, Mustard, Ketchup, Relish, BBQ Sauce"""
"Snuggle® Liquid Fabric Softener, at Walmart",WALMART,SNUGGLE,"Household Supplies, Household Supplies","  ""Snuggle, fabric softener, liquid, Walmart, household supplies, laundry detergent, softening agent, fragrance, cleaning products"""
Sol® 6 pack+,,SOL CERVEZA,"Beer, Alcohol","  ""SOL CERVEZA"", ""Beer"", ""Alcohol"", ""6 pack"", ""Cerveza"", ""Craft Beer"", ""Mexican Beer"", ""Premium Beer"", ""Imported Beer"""
Spend $10 at CVS,CVS,CVS,"Medicines & Treatments, Health & Wellness, Fruit Juices, Beverages, Cooking & Baking, Pantry, Skin Care, Health & Wellness","  ""Medicines, Treatments, Health & Wellness, Fruit Juices, Beverages, Cooking & Baking, Pantry, Skin Care"""
Spend $10 at KFC,KFC,KFC,,"  ""KFC"", ""Fried Chicken"", ""Chicken Meals"", ""Fast Food"", ""Restaurant"", ""Takeout"""
Spend $10 at Nekter,NEKTER JUICE BAR,NEKTER,,"  ""Nekter Juice Bar, fresh juice, smoothies, healthy drinks, cold pressed juice, vegan options, gluten free"""
Spend $10 at Subway,SUBWAY,SUBWAY,"Cooking & Baking, Pantry","  ""submarine sandwiches, footlongs, bread, cheese, meats, vegetables, sauces, toppings"""
Spend $10 in-store at Casey's,CASEYS GENERAL STORE,CASEYS GENERAL STORE,"Cooking & Baking, Pantry, Frozen Pizza & Pizza Snacks, Frozen","  ""Casey's General Store"", ""Cooking & Baking"", ""Pantry"", ""Frozen Pizza & Pizza Snacks"", ""Frozen"""
Spend $10 on Casey's branded packaged products,CASEYS GENERAL STORE,CASEYS GENERAL STORE,"Cooking & Baking, Pantry, Frozen Pizza & Pizza Snacks, Frozen","  ""Casey's General Store"", ""packaged products"", ""cooking"", ""baking"", ""pantry"", ""frozen pizza"", ""pizza snacks"""
Spend $100 at Pavilions,PAVILIONS,PAVILIONS,"Cooking & Baking, Pantry","  ""Pavilions, cooking, baking, pantry, groceries, food, kitchen, supplies, gourmet, organic, fresh, produce, meats, dairy, baked goods, household"""
Spend $100 at Vons,VONS,VONS,"Spirits, Alcohol","  ""Vons,""Spirits,""Alcohol,""Wine,""Beer,""Liquor,""Cocktails,""Party Supplies,""Gift Cards"""
Spend $110 at Albertsons,ALBERTSONS,ALBERTSONS,"Candy, Snacks","  ""Candy, Snacks, Chocolate, Gummies, Sour Candies, Salty Snacks, Fresh Produce, Meat, Dairy, Bread, Bakery, Pantry Staples"""
Spend $110 at Randalls,RANDALLS FOOD MARKETS,RANDALLS,,"  ""Randalls"", ""grocery"", ""food market"", ""supermarket"", ""produce"", ""meat"", ""dairy"", ""bakery"", ""deli"", ""prepared foods"", ""beverages"", ""household essentials"""
"Spend $110 on a Full-Priced new Plus Membership and receive an ADDITIONAL 10,000 points",SAMS CLUB,SAMS CLUB,,"  ""Sam's Club"", ""Membership"", ""Plus Membership"", ""Full-Priced"", ""10,000 points"""
Spend $115 at Safeway,SAFEWAY,SAFEWAY,"Candy, Snacks","  ""Candy, Snacks, Chocolate, Gummies, Sour Candies, Salty Snacks, Fresh Produce, Baked Goods"""
Spend $115 at Tom Thumb,TOM THUMB,TOM THUMB,,"  ""Grocery, Supermarket, Food, Bread, Milk, Produce, Meat, Dairy, Household Essentials"""
Spend $120 at Star Market,STAR MARKET,STAR MARKET,"Cooking & Baking, Pantry","  ""Star Market, grocery, food, pantry, baking, cooking, kitchen, supplies, staples"""
Spend $130 at ACME,ACME,ACME,"Medicines & Treatments, Health & Wellness","  ""Medicines, Treatments, Health, Wellness, ACME, Pain Relievers, Cold Medicine, Allergy Medicine, Digestive Aids, Vitamins, Supplements"""
Spend $140 at Shaws,SHAWS,SHAWS,"Cooking & Baking, Pantry","  ""SHAWS"", ""Cooking & Baking"", ""Pantry"", ""Food Storage"", ""Kitchen Essentials"", ""Baking Supplies"", ""Pantry Staples"""
Spend $15 at Burger King,BURGER KING,BURGER KING,"Cooking & Baking, Pantry","  ""Whopper, fries, burgers, sandwiches, fast food, breakfast, coffee, desserts"""
Spend $15 at KFC,KFC,KFC,,"  ""KFC"", ""Fried Chicken"", ""Chicken Meals"", ""Fast Food"", ""Restaurant"", ""Takeout"", ""Delivery"""
Spend $15 at Nekter,NEKTER JUICE BAR,NEKTER,,"  ""Nekter Juice Bar, fresh juice, smoothies, healthy drinks, organic ingredients, cold-pressed juices, vegan options, gluten-free options"""
Spend $15 at Subway,SUBWAY,SUBWAY,"Cooking & Baking, Pantry","  ""submarine sandwiches, footlongs, bread, cheese, meats, vegetables, sauces, toppings, cookies, drinks"""
Spend $150 at Vons,VONS,VONS,"Spirits, Alcohol","  ""Vons,""Spirits,""Alcohol,""Wine,""Beer,""Liquor,""Cocktails,""Party Supplies,""Gift Cards"""
Spend $155 at Pavilions,PAVILIONS,PAVILIONS,"Cooking & Baking, Pantry","  ""Pavilions, cooking, baking, pantry, groceries, food, kitchen, supplies, gourmet, organic, fresh, produce, meat, seafood, dairy, bread, pasta, rice, snacks, sweets"""
Spend $185 at Shaws,SHAWS,SHAWS,"Cooking & Baking, Pantry","  ""Shaws, cooking, baking, pantry, groceries, food, kitchen, supplies, bread, pasta, sauces, spices, herbs, baking powder, flour, sugar, salt, pepper, olive oil, vinegar"""
Spend $20 at Dickey's Barbecue Pit,DICKEYS BARBECUE PIT,DICKEYS BARBECUE PIT,,"  ""Barbecue, Ribs, Brisket, Pulled Pork, BBQ Sauce, Tex-Mex, Comfort Food"""
Spend $20 at Farmer Boys,FARMER BOYS,FARMER BOYS,,"  ""Farmer Boys"", ""fast food"", ""burgers"", ""sandwiches"", ""salads"", ""milkshakes"", ""fries"", "" breakfast items"""
Spend $20 at KFC,KFC,KFC,,"  ""Fried chicken, burgers, wings, fast food, dinner, lunch, snacks, Colonel Sanders, secret recipe, Original Recipe, Extra Crispy, Kentucky Fried Chicken"""
Spend $20 at Zaxby's,ZAXBYS,ZAXBYS,,"  ""Zaxby's"", ""chicken"", ""wings"", ""fries"", ""salads"", ""sandwiches"", ""family packs"""
Spend $210 at Randalls,RANDALLS,RANDALLS,,"  ""Grocery, Supermarket, Food, Produce, Meat, Dairy, Bakery, Pantry, Household Essentials"""
Spend $210 at Randalls,RANDALLS FOOD MARKETS,RANDALLS,,"  ""Randalls"", ""grocery store"", ""food market"", ""supermarket"", ""groceries"", ""food"", ""produce"", ""meat"", ""dairy"", ""bakery"", ""deli"", ""prepared foods"""
Spend $210 at Safeway,SAFEWAY,SAFEWAY,"Candy, Snacks","  ""Candy, Snacks, Chocolate, Gummies, Sour Candies, Salty Snacks, Fresh Produce, Baked Goods"""
Spend $220 at Albertsons,ALBERTSONS,ALBERTSONS,"Candy, Snacks","  ""Candy, Snacks, Chocolate, Gummies, Sour Candies, Salty Snacks, Cookies, Granola Bars"""
Spend $220 at Star Market,STAR MARKET,STAR MARKET,"Cooking & Baking, Pantry","  ""Star Market, grocery, food, pantry, baking, cooking, kitchen, supplies, snacks, meals, recipes"""
Spend $220 at Tom Thumb,TOM THUMB,TOM THUMB,,"  ""Grocery, Supermarket, Food, Beverages, Household Essentials, Personal Care, Pet Supplies, Baby Products"""
Spend $25 at Casey's,CASEYS GENERAL STORE,CASEYS GENERAL STORE,"Cooking & Baking, Pantry, Frozen Pizza & Pizza Snacks, Frozen","  ""Casey's General Store"", ""Frozen Pizza"", ""Pizza Snacks"", ""Cooking & Baking"", ""Pantry"""
Spend $25 at Fresh Thyme Market,FRESH THYME MARKET,FRESH THYME MARKET,,"  ""Fresh Thyme Market"", ""Grocery store"", ""Organic produce"", ""Natural foods"", ""Healthy groceries"", ""Fresh meats"", ""Artisanal cheeses"", ""Specialty breads"", ""Gourmet snacks"""
Spend $25 at KFC,KFC,KFC,,"  ""KFC"", ""Fried Chicken"", ""Chicken Meals"", ""Fast Food"", ""Restaurant"", ""Takeout"", ""Delivery"""
Spend $25 at Subway,SUBWAY,SUBWAY,"Cooking & Baking, Pantry","  ""subway, sandwiches, cookies, bread, salads, soups, breakfast items"""
Spend $25 at TGI Friday's,TGI FRIDAYS,TGI FRIDAYS,"Spirits, Alcohol, Malt Beverages, Alcohol","  ""Friday's, spirits, alcohol, malt beverages, happy hour, bar, restaurant"""
Spend $250 at ACME,ACME,ACME,"Medicines & Treatments, Health & Wellness","  ""Medicines, Treatments, Health, Wellness, Pain Relief, Cold & Flu, Allergy, Digestive Aids, Vitamins, Supplements"""
Spend $270 at Pavilions,PAVILIONS,PAVILIONS,"Cooking & Baking, Pantry","  ""Pavilions, cooking, baking, pantry, groceries, food, kitchen, dining, meal prep, ingredients"""
Spend $275 at Vons,VONS,VONS,"Spirits, Alcohol","  ""Vons,""Spirits,""Alcohol,""Liquor,""Beer,""Wine,""Champagne,""Cocktails,""Party Supplies"""
Spend $30 at CVS,CVS,CVS,"Medicines & Treatments, Health & Wellness, Fruit Juices, Beverages, Cooking & Baking, Pantry, Skin Care, Health & Wellness","  ""Medicines, Treatments, Health & Wellness, Fruit Juices, Beverages, Cooking & Baking, Pantry, Skin Care"""
Spend $30 at Dickey's Barbecue Pit,DICKEYS BARBECUE PIT,DICKEYS BARBECUE PIT,,"  ""Barbecue, Ribs, Brisket, Pulled Pork, Burgers, Sandwiches, Salads, Sides, Platters, Combos, Family Packs"""
Spend $300 at Shaws,SHAWS,SHAWS,"Cooking & Baking, Pantry","  ""Shaws, grocery, supermarket, food, cooking, baking, pantry, kitchen essentials, household supplies"""
Spend $35 at Fresh Thyme Market,FRESH THYME,FRESH THYME MARKET,,"  ""Fresh Thyme Market"", ""Grocery store"", ""Organic produce"", ""Natural foods"", ""Healthy groceries"", ""Fresh meats"", ""Artisanal cheeses"", ""Specialty breads"", ""Gourmet snacks"""
Spend $35 at Subway,SUBWAY,SUBWAY,"Cooking & Baking, Pantry","  ""subway, sandwiches, cookies, bread, salads, soups, breakfast items"""
Spend $35 at TGI Friday's,TGI FRIDAYS,TGI FRIDAYS,"Spirits, Alcohol, Malt Beverages, Alcohol","  ""Friday's, spirits, alcohol, malt beverages, happy hour, bar food, restaurant"""
Spend $40 at Dickey's Barbecue Pit,DICKEYS BARBECUE PIT,DICKEYS BARBECUE PIT,,"  ""Barbecue, Ribs, Brisket, Pulled Pork, Burgers, Sandwiches, Salads, Sides, Platters, Combos, Family Packs"""
Spend $40 at Farmer Boys,FARMER BOYS,FARMER BOYS,,"  ""Farmer Boys"", ""fast food"", ""burgers"", ""sandwiches"", ""salads"", ""milkshakes"", ""fries"", "" breakfast items"""
Spend $40 at KFC,KFC,KFC,,"  ""Fried chicken, burgers, wings, fast food, dinner, lunch, snacks, Colonel Sanders, secret recipe, Original Recipe, Extra Crispy, Kentucky Fried Chicken"""
Spend $45 at TGI Friday's,TGI FRIDAYS,TGI FRIDAYS,"Spirits, Alcohol, Malt Beverages, Alcohol","  ""Friday's, Spirits, Alcohol, Malt Beverages, Happy Hour, Bar, Restaurant"""
Spend $45 at Zaxby's,ZAXBYS,ZAXBYS,,"  ""Chicken wings, fried chicken, salads, sandwiches, soups, appetizers, desserts"""
Spend $5 in-store at Casey's,CASEYS GENERAL STORE,CASEYS GENERAL STORE,"Cooking & Baking, Pantry, Frozen Pizza & Pizza Snacks, Frozen","  ""Casey's General Store"", ""Frozen pizza"", ""Pizza snacks"", ""Cooking & Baking"", ""Pantry"""
Spend $5 on brisket mac & cheese sandwich OR other single-serve prepared food item,CASEYS GENERAL STORE,CASEYS GENERAL STORE,"Cooking & Baking, Pantry, Frozen Pizza & Pizza Snacks, Frozen","  Brisket mac & cheese sandwich, single-serve prepared food, frozen pizza, pizza snacks, cooking, baking, pantry."
Spend $5 on single-serve prepared food items at Casey's,CASEYS GENERAL STORE,CASEYS GENERAL STORE,"Cooking & Baking, Pantry, Frozen Pizza & Pizza Snacks, Frozen","  ""Prepared food, single-serve, convenience store, snacks, frozen meals, pizza, baked goods"""
Spend $50 at Chewy.com,CHEWY,CHEWY,,"  ""Pet food, pet supplies, dog food, cat food, bird food, fish food, treats, toys, grooming products, health supplements"""
Spend $50 at Fresh Thyme Market,FRESH THYME MARKET,FRESH THYME MARKET,,"  ""Fresh Thyme Market"", ""Grocery store"", ""Organic produce"", ""Natural foods"", ""Healthy groceries"", ""Fresh meats"", ""Artisanal cheeses"", ""Specialty breads"", ""Gourmet snacks"""
Spend $50 on a Full-Priced new Club Membership,SAMS CLUB,SAMS CLUB,,"  ""Sam's Club"", ""Membership"", ""Full-Priced"", ""New"", ""Club Membership"""
Spend $60 at TGI Friday's,TGI FRIDAYS,TGI FRIDAYS,"Spirits, Alcohol, Malt Beverages, Alcohol","  ""Friday's, Spirits, Alcohol, Malt Beverages, Happy Hour, Bar, Restaurant"""
Spend $65 at Albertsons,ALBERTSONS,ALBERTSONS,"Candy, Snacks","  ""Candy, Snacks, Chips, Popcorn, Cookies, Candy Bars, Fruit Snacks, Granola Bars, Trail Mix"""
Spend $75 at Randalls,RANDALLS,RANDALLS,,"  ""Grocery, Supermarket, Food, Produce, Meat, Dairy, Bakery, Pantry, Household Essentials"""
Spend $90 at ACME,ACME,ACME,"Medicines & Treatments, Health & Wellness","  ""Medicines, Treatments, Health, Wellness, Acme, Pharmacy, Prescription, Over-the-counter, Pain relief, Cold medicine, Allergy medicine, Digestive aid, Vitamins, Supplements"""
Spend $90 at Safeway,SAFEWAY,SAFEWAY,"Candy, Snacks","  ""Candy, Snacks, Chocolate, Gummies, Sour Candies, Salty Snacks, Fresh Produce, Baked Goods"""
Spend $90 at Star Market,STAR MARKET,STAR MARKET,"Cooking & Baking, Pantry","  ""Star Market, grocery, food, cooking, baking, pantry, kitchen essentials, household supplies"""
Spend $90 at Tom Thumb,TOM THUMB,TOM THUMB,,"  ""Grocery, Supermarket, Food, Beverages, Household Essentials, Personal Care, Pet Supplies"""
"Squirrel, The Bedside Perch, online at Amazon",AMAZON,SQUIRREL,,"  ""Squirrel, Bedside Perch, Amazon, home decor, furniture, bedroom accessories, wooden perch, animal-themed decor"""
"Starry™ Lemon Lime Soda multipacks, at Kroger",DILLONS GROCERY,STARRY,"Carbonated Soft Drinks, Beverages","  ""Lemon lime soda, carbonated soft drinks, beverages, multipacks, Kroger, Dillons Grocery, Starry"""
"Starry™ Lemon Lime Soda, 7.5-ounce 10 pack, at Amazon Storefront*",AMAZON,STARRY,"Carbonated Soft Drinks, Beverages","  Sure, here are some relevant keywords for the Starry™ Lemon Lime Soda product:

""Lemon lime soda, carbonated soft drinks, citrus flavor, refreshing beverage, fizzy drink, 7.5 oz cans, 10 pack, Amazon storefront"""
"Stubborn Soda OR Bundaberg Ginger Beer, select varieties, at Amazon Storefront*",AMAZON,STUBBORN SODA,"Carbonated Soft Drinks, Beverages","  ""Stubborn Soda, Bundaberg Ginger Beer, carbonated soft drinks, beverages, soda, ginger beer, flavored soda, craft soda, natural ingredients, low calorie, refreshing drinks"""
"Super Coffee, 12 ounce single serve",,SUPER COFFEE,"Coffee, Beverages","  ""Super Coffee"", ""coffee"", ""beverages"", ""single serve"", ""12 ounce"""
"Super Coffee, 12 ounce single serve, buy 3",,SUPER COFFEE,"Coffee, Beverages","  ""Super Coffee"", ""12 ounce"", ""single serve"", ""buy 3"", ""coffee"", ""beverages"""
"TWIX®, select sizes",,TWIX,"Candy, Snacks, Cookies, Snacks","  ""TWIX, chocolate, caramel, cookie, candy bar, snack size, shareable, peanut butter"""
"TWIX®, select varieties",,TWIX,"Candy, Snacks, Cookies, Snacks","  ""Caramel, cookie, chocolate, peanut butter, snack size, shareable, candy bar, twin biscuit, crunchy, chewy, sweet, salty"""
Talenti Mini Bars,,TALENTI,"Frozen Desserts, Frozen, Frozen Meals, Frozen","  ""Talenti Mini Bars, Gelato, Sorbetto, Frozen Yogurt, Chocolate Chip Cookie Dough, Coffee, Espresso, Pistachio, Raspberry, Stracciatella, Tiramisu"""
The Rustik Oven® bread,,RUSTIK OVEN,"Bread, Pantry","  ""Rustik Oven, artisanal bread, handcrafted bread, rustic bread, sourdough bread, whole grain bread, organic bread, bakery bread, fresh bread, homemade bread"""
Thomas'® Bagel Thins,,THOMAS,"Bread, Pantry, Frozen Breakfast, Frozen, Bakery, Deli & Bakery","  ""Bagels, bagel thins, Thomas', breakfast, frozen, pantry, bakery, deli"""
"Thomas'® Bagel Thins®, buy 2",,THOMAS,"Bread, Pantry, Frozen Breakfast, Frozen, Bakery, Deli & Bakery","  ""Bagels, bagel thins, thomas', frozen breakfast, bread, pantry, bakery, deli"""
"Thomas'®, select varieties, spend $10",,THOMAS,"Bread, Pantry, Frozen Breakfast, Frozen, Bakery, Deli & Bakery","  ""Bread, Pantry, Frozen Breakfast, Frozen, Bakery, Deli & Bakery"""
Tostitos® Toppers™,,TOSTITOS,"Chips, Snacks, Dips & Salsa, Snacks, Sauces & Marinades, Pantry","  ""Tostitos, Toppers, chips, snacks, dips, salsa, pantry, Mexican food, nachos, cheese, flavorful, crunchy, tasty, spicy"""
"Tru-Ray® Premium Construction Paper, spend $10",,TRURAY,,"  Sure, here are some relevant keywords for the Tru-Ray® Premium Construction Paper:

""Tru-Ray, construction paper, premium, heavy duty, durable, long-lasting, vibrant colors, acid-free, lignin-free, archival quality, perfect for crafts, art projects, school assignments, scrapbooking, card making, DIY decorations"""
"Tyson Products, select varieties, spend $15 at Walmart",WALMART,AIDELLS,"Packaged Meat, Pantry","  ""Chicken nuggets, chicken tenders, buffalo wings, hamburger patties, hot dogs, sausages, bacon, breakfast sandwiches, frozen meals"""
"Tyson Products, select varieties, spend $20 at Sam's Club",SAMS CLUB,BALL PARK FRANK,"Packaged Meat, Pantry, Frozen Beef, Frozen Meat","  ""Tyson Products"", ""Ball Park Frank"", ""Sam's Club"", ""Packaged Meat"", ""Pantry"", ""Frozen Beef"", ""Frozen Meat"""
Visit OR order online from Casey's 3 times,CASEYS GENERAL STORE,CASEYS GENERAL STORE,"Cooking & Baking, Pantry, Frozen Pizza & Pizza Snacks, Frozen","  ""Casey's General Store"", ""Frozen Pizza"", ""Pizza Snacks"", ""Cooking & Baking"", ""Pantry"""
Visit OR order online from Casey's 5 times,CASEYS GENERAL STORE,CASEYS GENERAL STORE,"Cooking & Baking, Pantry, Frozen Pizza & Pizza Snacks, Frozen","  ""Casey's General Store"", ""Frozen Pizza"", ""Pizza Snacks"", ""Cooking & Baking"", ""Pantry"""
Visit OR order online from Casey's 7 times,CASEYS GENERAL STORE,CASEYS GENERAL STORE,"Cooking & Baking, Pantry, Frozen Pizza & Pizza Snacks, Frozen","  ""Casey's General Store"", ""Cooking & Baking"", ""Pantry"", ""Frozen Pizza & Pizza Snacks"", ""Frozen"""
"Welch's® Fruit 'n Yogurt® Snacks, 18 count, at Walmart",WALMART,WELCHS FRUIT SNACKS,"Fruit & Vegetable Snacks, Snacks","  ""Fruit snacks, yogurt covered snacks, healthy snacks, fruit and vegetable snacks, Welch's, Walmart"""
"Welch's® Fruit Snacks, 250 count, online at Amazon",AMAZON,WELCHS FRUIT SNACKS,"Fruit & Vegetable Snacks, Snacks","  ""Fruit snacks, Welch's, 250 count, Amazon, online, fruit, vegetable, snacks"""
"Welch's® Fruit Snacks, select varieties, 6 count+",,WELCHS FRUIT SNACKS,"Fruit & Vegetable Snacks, Snacks","  ""Fruit snacks, fruit leather, dried fruit, healthy snacks, natural ingredients, no artificial flavors or preservatives, on-the-go snacking, school lunches, movie nights"""
"Welch's® Fruit Snacks, select varieties, 6 count+, buy 2",,WELCHS FRUIT SNACKS,"Fruit & Vegetable Snacks, Snacks","  ""Fruit snacks, fruit leather, dried fruit, healthy snacks, natural ingredients, no artificial flavors or preservatives, on-the-go snacking, school lunches, movie nights"""
"Welch's® Fruit Snacks, select varieties, 6 count+, buy 3",,WELCHS FRUIT SNACKS,"Fruit & Vegetable Snacks, Snacks","  ""Fruit snacks, fruit leather, dried fruit, healthy snacks, natural ingredients, no artificial flavors or preservatives, on-the-go snacking, school lunches, party favors"""
"Welch's® Juicefuls® Juicy Fruit Snacks, 14 count, at Target",TARGET,WELCHS FRUIT SNACKS,"Fruit & Vegetable Snacks, Snacks","  ""Juicefuls, Juicy Fruit Snacks, Welch's, Fruit Snacks, Snacks, 14 count, Target"""
"Welch's® Juicefuls® Juicy Fruit Snacks, buy 2",,WELCHS FRUIT SNACKS,"Fruit & Vegetable Snacks, Snacks","  ""Juicefuls, Juicy Fruit Snacks, Welch's, fruit snacks, healthy snacks, snack packs, on-the-go snacks, juicy fruit flavors, portable snacks"""
"Welch's® Zero Sugar Fruity Bites, 6 pack+, online at Amazon",AMAZON,WELCHS FRUIT SNACKS,"Fruit & Vegetable Snacks, Snacks","  ""Fruit snacks, zero sugar, fruity bites, Welch's, healthy snacking, fruit-based snacks, snack packs, online shopping, Amazon"""
"Welch's®Fruit Snacks, select varieties, buy 2",,WELCHS FRUIT SNACKS,"Fruit & Vegetable Snacks, Snacks","  ""Fruit snacks, fruit leather, dried fruit, healthy snacks, natural ingredients, no artificial flavors or preservatives, on-the-go snacking, school lunches, movie nights"""
"Welch's®Fruit Snacks, spend $8",,WELCHS FRUIT SNACKS,"Fruit & Vegetable Snacks, Snacks","  ""Fruit snacks, fruit leather, dried fruit, healthy snacks, natural ingredients, no artificial flavors or preservatives, on-the-go snacking, school lunches, movie nights"""
Wesson® Oil Products,,WESSON,"Cooking & Baking, Pantry","  ""Wesson oil products, cooking oil, baking oil, vegetable oil, canola oil, olive oil, coconut oil, cooking spray, baking spray, kitchen essentials, pantry staples"""
When you join Costco as a Gold Star Member* (New Members Only),COSTCO,COSTCO,,"  ""Gold Star Member"", ""Membership benefits"", ""Discounts"", ""Wholesale prices"", ""Bulk purchases"", ""Costco services"", ""Product variety"", ""Convenience"""
When you join Costco as an Executive Member* (New Members Only),COSTCO,COSTCO,,"  ""Executive Member"", ""Membership"", ""Wholesale Club"", ""Bulk Discounts"", ""Low Prices"", ""Product Variety"", ""Fresh Produce"", ""Grocery Items"", ""Electronics"", ""Home Goods"", ""Appliances"", ""Tires"", ""Auto Services"""
Whole Pizza Pie at Casey's,CASEYS GENERAL STORE,CASEYS GENERAL STORE,"Cooking & Baking, Pantry, Frozen Pizza & Pizza Snacks, Frozen","  ""Whole pizza pie, Casey's General Store, frozen pizza, pizza snacks, cooking, baking, pantry"""
Whole Pizza at Casey's,CASEYS GENERAL STORE,CASEYS GENERAL STORE,"Cooking & Baking, Pantry, Frozen Pizza & Pizza Snacks, Frozen","  ""Whole pizza, Casey's General Store, frozen pizza, pizza snacks, cooking, baking, pantry"""
Whole Pizza at Casey's ,CASEYS GENERAL STORE,CASEYS GENERAL STORE,"Cooking & Baking, Pantry, Frozen Pizza & Pizza Snacks, Frozen","  ""Whole pizza, Casey's General Store, frozen pizza, pizza snacks, cooking, baking, pantry"""
Whole pizza at Casey's,CASEYS GENERAL STORE,CASEYS GENERAL STORE,"Cooking & Baking, Pantry, Frozen Pizza & Pizza Snacks, Frozen","  ""Pizza, whole pizza, Casey's, frozen pizza, pizza snacks, cooking, baking, pantry"""
"Wine from TheBarrelRoom.com, spend $30",GALLO.COM,ALAMOS,"Wine, Alcohol","  ""Wine, Alcohol, ALAMOS, GALLO.COM, TheBarrelRoom.com, $30"""
Wings OR Cheesy Breadsticks at Casey's,CASEYS GENERAL STORE,CASEYS GENERAL STORE,"Cooking & Baking, Pantry, Frozen Pizza & Pizza Snacks, Frozen","  ""Wings, Cheesy Breadsticks, Casey's General Store, Frozen Pizza & Pizza Snacks, Frozen Food, Pantry Staples"""
Wonderworks™ Keto* Friendly Cereal,,WONDERWORKS,"Cereal, Granola, & Toaster Pastries, Pantry","  ""Keto-friendly"", ""low-carb"", ""high-protein"", ""breakfast cereal"", ""granola"", ""toaster pastries"", ""pantry staple"""
